engine_size,cylinders,fuel_type,fuel_consumption,co2_emissions
4.0,6,X,22,299
2.4,4,X,34,193
2.0,4,Z,30,221
2.5,4,X,31,212
5.0,8,Z,21,313
2.5,4,X,29,229
1.5,4,X,43,153
2.4,4,X,28,235
3.6,6,X,23,292
3.3,6,E,19,245
3.5,6,X,29,226
3.0,6,Z,29,224
2.4,4,X,29,230
1.6,4,D,38,199
2.0,4,Z,30,220
1.5,4,X,37,177
2.4,4,X,33,198
1.6,4,Z,34,195
6.7,12,Z,17,382
3.0,6,Z,23,285
3.5,6,X,31,215
3.0,6,Z,27,240
3.7,6,Z,26,248
6.2,8,Z,24,275
3.0,6,Z,25,258
5.0,8,Z,21,315
2.5,4,X,27,247
2.4,4,X,26,253
2.0,4,Z,24,274
2.0,4,Z,30,220
2.0,4,X,31,211
3.5,6,Z,27,242
3.5,6,Z,36,185
6.2,8,Z,19,348
2.0,4,X,40,167
3.6,6,E,18,250
2.0,4,X,40,164
6.4,8,Z,20,317
1.5,3,Z,38,172
3.0,6,Z,26,258
1.4,4,X,32,209
2.0,4,Z,27,244
1.5,4,X,35,188
6.2,8,Z,19,357
1.8,4,X,50,132
2.0,4,Z,30,214
2.0,4,Z,32,208
2.0,4,X,32,203
3.3,6,Z,24,282
5.6,8,X,16,398
2.4,4,X,26,256
2.0,4,Z,29,228
2.0,4,Z,30,219
2.0,4,Z,25,263
1.4,4,X,32,205
1.8,4,X,32,204
6.2,8,X,18,366
2.0,4,X,50,131
2.0,4,X,34,191
4.0,6,X,21,317
5.5,8,Z,18,359
2.0,4,E,23,208
2.0,4,X,55,118
1.6,4,Z,35,186
2.0,4,Z,28,235
5.3,8,E,16,298
4.7,8,Z,19,355
1.0,3,X,43,153
3.0,6,Z,25,260
2.8,4,D,23,326
3.3,6,Z,24,279
3.8,6,Z,24,278
1.4,4,X,38,173
5.7,8,X,17,382
1.6,4,Z,35,186
3.6,6,E,19,243
2.0,4,Z,26,250
3.6,6,E,18,250
4.4,8,Z,19,338
5.3,8,X,20,317
1.6,4,Z,36,186
3.6,6,X,24,280
2.4,4,X,29,225
5.3,8,X,22,303
2.0,4,X,41,159
3.5,6,X,27,247
2.4,4,X,29,228
2.0,4,X,50,132
2.5,4,X,39,171
5.3,8,X,17,380
3.6,6,X,26,246
4.0,6,X,22,301
1.8,4,X,34,195
3.5,6,X,20,334
5.3,8,E,17,284
1.4,4,X,32,200
3.6,6,E,16,300
1.6,4,X,37,175
3.0,6,Z,28,230
3.5,6,X,26,258
2.0,4,X,31,214
3.6,6,X,26,258
1.8,4,X,39,172
1.5,4,X,55,120
2.4,4,X,27,248
3.0,6,Z,27,244
2.4,4,X,29,225
5.0,8,Z,22,289
1.8,4,Z,31,207
6.2,8,Z,24,278
1.4,4,X,32,209
2.0,4,Z,28,236
3.6,6,X,25,260
2.0,4,X,34,193
6.2,8,Z,21,321
1.5,4,X,38,173
2.0,4,Z,31,209
2.0,4,Z,31,215
1.8,4,X,36,181
2.5,5,X,28,232
2.0,4,X,30,216
3.0,6,Z,24,277
2.4,4,E,22,206
2.0,4,X,29,228
3.0,6,Z,23,285
2.0,4,Z,34,200
1.6,4,Z,36,179
4.4,8,Z,20,322
3.5,6,X,24,274
2.0,4,X,40,169
3.0,6,Z,31,210
2.3,4,X,27,240
2.0,4,X,38,173
5.0,8,E,16,290
1.4,4,X,35,184
1.5,4,X,36,181
2.0,4,Z,31,209
3.0,6,Z,29,230
4.0,8,Z,25,263
6.2,8,Z,22,297
3.0,6,D,24,322
1.5,4,X,39,170
2.5,4,X,47,139
2.0,4,Z,32,208
3.6,6,X,22,294
3.6,6,X,27,241
4.7,8,Z,23,288
6.0,12,Z,18,373
5.8,8,Z,21,304
3.0,6,Z,27,246
5.0,8,E,16,290
6.2,8,Z,19,338
3.0,6,Z,24,273
2.4,4,X,29,225
3.0,6,Z,29,230
2.9,6,Z,25,261
1.5,4,X,39,167
5.3,8,X,17,380
4.3,6,E,17,284
1.8,4,X,35,190
2.0,4,Z,31,212
4.4,8,Z,20,322
3.0,6,Z,23,291
3.0,6,Z,22,292
1.6,4,Z,38,172
3.5,6,Z,26,251
2.0,4,X,31,216
6.2,8,Z,17,377
2.4,4,X,25,259
1.6,4,Z,36,179
3.3,6,X,26,246
3.0,6,D,30,252
1.6,4,D,38,199
3.0,6,Z,22,301
2.0,4,Z,29,224
2.0,4,X,26,256
4.0,8,Z,20,337
2.0,4,X,28,238
2.0,4,X,30,222
2.4,4,X,29,232
3.7,6,Z,25,265
6.4,8,Z,22,304
3.8,6,Z,24,267
3.5,6,X,25,265
2.5,4,X,39,168
5.3,8,X,20,325
2.4,4,X,31,210
3.0,6,Z,23,285
2.0,4,Z,25,268
3.8,6,Z,24,278
1.4,4,X,32,200
4.0,8,Z,24,282
1.6,4,X,33,201
3.6,6,Z,25,255
2.5,4,X,34,192
1.4,4,X,39,166
3.5,6,X,23,283
3.7,6,Z,25,261
2.5,4,X,37,176
3.0,6,Z,25,262
3.0,6,Z,29,224
3.0,6,Z,27,242
3.6,6,X,22,294
3.7,6,Z,25,261
3.6,6,E,18,254
1.5,3,Z,38,174
4.7,8,Z,24,280
5.6,8,X,20,333
4.7,8,Z,19,338
3.6,6,X,24,280
2.4,4,X,33,198
5.3,8,X,22,304
3.5,6,X,21,315
2.0,4,Z,34,193
3.0,6,D,36,212
3.0,6,Z,24,281
4.3,6,X,24,280
2.0,4,X,26,250
5.3,8,E,15,306
2.0,4,X,30,216
4.4,8,Z,22,294
2.0,4,Z,34,197
5.0,8,Z,22,299
5.3,8,X,24,278
5.0,8,Z,22,305
2.5,4,X,34,192
5.0,8,X,23,292
2.0,4,Z,31,209
3.0,6,Z,23,283
2.0,4,X,26,259
2.0,4,X,34,196
1.8,4,X,36,185
3.0,6,D,30,254
3.0,6,Z,29,229
6.0,8,X,15,432
3.5,6,Z,34,196
2.5,4,X,29,223
2.4,4,X,28,233
2.0,4,D,41,186
5.0,8,Z,21,311
3.0,6,Z,29,231
3.5,6,E,18,264
1.8,4,X,41,159
5.0,8,X,19,343
2.3,4,X,26,254
2.0,4,Z,29,225
5.0,8,X,22,304
3.8,6,X,24,279
1.6,4,X,37,181
2.0,4,X,34,191
2.0,4,X,32,207
3.0,6,D,29,266
1.6,4,X,36,184
5.7,8,X,18,356
2.5,4,X,26,253
6.7,12,Z,17,393
3.0,6,Z,26,257
5.4,8,E,13,346
3.7,6,Z,25,255
2.0,4,X,48,139
5.3,8,X,22,306
3.5,6,X,24,271
5.0,8,E,14,331
3.0,6,D,34,224
2.0,4,X,27,249
3.0,6,D,26,290
3.0,6,Z,24,280
1.4,4,X,36,182
2.5,4,X,29,225
1.2,3,X,48,136
1.5,4,X,37,179
3.5,6,Z,29,228
2.7,4,X,24,280
3.2,6,X,29,233
3.0,6,Z,29,226
5.0,8,X,19,341
6.0,12,Z,19,343
3.6,6,X,23,278
2.9,6,Z,25,268
1.4,4,X,34,194
2.0,4,Z,35,189
2.0,4,Z,28,235
2.3,4,X,25,268
4.0,8,Z,22,300
2.0,4,D,39,196
3.5,6,X,25,264
5.3,8,E,16,285
2.0,4,Z,32,206
2.5,4,X,30,218
6.0,8,X,15,435
4.0,8,Z,23,290
6.4,8,Z,20,325
2.3,4,X,25,270
5.3,8,X,22,305
3.6,6,X,23,285
4.4,8,Z,22,294
3.5,6,X,25,266
2.0,4,X,37,177
2.0,4,X,27,248
2.0,4,Z,32,207
2.0,4,X,30,224
1.8,4,X,34,193
5.2,10,Z,20,336
3.6,6,X,27,247
4.0,6,X,20,326
1.6,4,X,69,96
5.0,8,X,22,298
3.0,6,Z,27,244
5.3,8,X,22,304
2.0,4,Z,31,213
2.0,4,X,28,233
3.3,6,X,24,276
3.5,6,X,19,344
1.4,4,X,35,184
2.0,4,Z,31,210
2.3,4,X,28,236
1.5,4,X,41,159
3.5,6,X,22,294
2.5,4,X,33,200
2.5,4,X,33,201
2.0,4,X,30,218
3.3,6,X,25,261
3.0,6,Z,30,216
6.2,8,Z,19,339
3.4,6,Z,26,259
2.0,4,X,33,202
2.0,4,X,29,229
2.9,6,Z,25,260
3.0,6,Z,28,238
3.0,6,Z,28,236
3.0,6,Z,19,334
2.0,4,Z,32,205
2.0,4,Z,31,210
2.0,4,Z,34,197
3.5,6,X,24,267
2.5,4,X,27,243
3.6,6,X,25,258
3.6,6,X,27,237
1.5,3,Z,38,175
3.5,6,E,17,281
3.6,6,X,25,260
1.5,4,X,42,157
5.3,8,E,15,317
3.6,6,Z,23,287
3.0,6,E,16,277
4.4,8,Z,20,322
3.5,6,Z,33,200
2.0,4,X,26,259
1.5,3,Z,38,172
5.3,8,E,15,321
5.3,8,E,17,270
6.2,8,Z,18,361
1.8,4,X,35,184
1.5,4,X,40,163
2.0,4,X,51,130
1.8,4,X,37,177
1.6,4,Z,35,184
1.2,3,X,44,148
6.2,8,Z,20,327
1.4,4,X,34,191
3.8,6,Z,23,285
3.4,6,Z,27,239
3.5,6,Z,27,246
5.2,10,Z,19,334
3.7,6,Z,25,261
1.5,3,Z,36,184
2.7,4,X,25,261
2.0,4,X,29,230
3.6,6,X,26,258
3.7,6,Z,27,237
2.0,4,X,33,199
2.5,4,X,28,239
1.3,4,X,29,230
4.7,8,Z,19,350
2.0,4,X,35,189
3.7,6,X,26,257
2.0,4,X,50,137
2.4,4,X,28,238
1.2,4,X,40,161
3.7,6,X,22,298
2.5,4,Z,26,249
5.5,8,Z,19,363
3.6,6,X,27,249
3.0,6,Z,24,271
2.5,5,X,25,262
2.2,4,D,34,227
3.5,6,E,19,235
3.5,6,X,28,240
3.7,6,X,22,298
3.6,6,X,24,280
2.0,4,Z,33,200
3.5,6,X,23,288
4.3,6,X,23,294
3.5,6,X,21,322
1.6,4,X,35,188
4.6,8,X,20,334
3.0,6,Z,25,262
4.4,8,Z,19,341
2.8,4,D,30,252
5.7,8,X,23,290
3.0,6,Z,23,293
1.8,4,Z,32,200
2.0,4,Z,28,240
4.4,8,Z,19,338
2.5,4,X,29,224
1.8,4,X,41,163
2.5,4,X,23,290
4.4,8,Z,19,341
6.0,12,Z,17,390
1.5,4,X,31,214
5.7,8,X,20,328
5.3,8,X,22,299
4.3,6,E,17,284
2.0,4,Z,31,215
3.6,6,X,22,294
6.8,8,Z,15,437
6.2,8,Z,20,322
2.4,4,X,33,198
3.0,6,Z,24,272
2.0,4,X,30,216
1.5,4,X,31,214
5.3,8,X,22,307
2.0,4,X,33,202
4.0,6,Z,20,334
2.0,4,Z,29,228
3.0,6,Z,27,241
5.3,8,X,22,292
3.0,6,Z,25,265
4.3,6,X,24,271
1.4,4,X,37,181
2.9,6,Z,24,280
2.0,4,X,51,126
3.0,6,Z,23,291
1.6,4,Z,34,191
1.6,4,X,38,175
2.3,4,X,29,226
2.5,4,Z,25,258
3.3,6,X,28,238
3.0,6,D,31,244
5.0,8,Z,21,313
1.6,4,Z,34,191
2.0,4,X,30,218
5.2,10,Z,19,347
2.0,4,X,32,202
3.6,6,Z,22,295
5.7,8,X,21,319
5.3,8,X,21,314
5.2,10,Z,18,370
5.3,8,X,22,307
3.0,6,Z,25,258
3.0,6,Z,24,267
3.6,6,X,23,288
5.3,8,X,20,327
3.5,6,X,22,305
3.6,6,X,26,257
1.8,4,X,39,168
1.6,4,X,37,177
1.4,4,X,38,176
3.6,6,X,24,277
1.8,4,X,50,132
3.0,6,Z,27,243
3.3,6,Z,24,282
2.0,4,Z,28,232
1.8,4,X,32,200
5.0,8,E,16,300
5.2,10,Z,19,337
5.0,8,Z,21,306
3.8,6,Z,25,267
6.8,10,X,13,488
6.0,8,E,11,413
3.5,6,Z,27,239
3.6,6,X,25,262
5.7,8,X,22,297
3.0,6,Z,20,336
3.0,6,Z,26,255
3.6,6,X,24,280
2.0,4,X,31,209
1.4,4,X,39,170
2.0,4,Z,32,204
3.0,6,Z,23,278
3.8,6,Z,27,244
3.7,6,Z,24,278
3.6,6,X,23,283
3.8,6,Z,25,262
2.9,6,Z,23,288
3.0,6,Z,25,268
1.8,4,X,38,178
5.3,8,X,22,298
1.6,4,X,35,191
3.0,6,Z,26,246
1.0,3,X,42,160
2.0,4,Z,31,216
3.2,6,X,28,240
1.5,4,X,43,151
2.0,4,Z,32,209
2.4,4,X,37,177
1.5,4,X,42,156
3.6,6,E,20,234
5.3,8,E,15,319
2.0,4,Z,30,223
3.6,6,E,20,237
3.5,6,X,21,322
3.0,6,Z,27,241
2.0,4,Z,31,209
3.0,6,Z,22,302
4.0,6,X,21,308
1.8,4,X,35,186
1.2,3,X,34,198
2.0,4,Z,31,215
2.5,4,X,28,234
2.0,4,Z,31,214
1.4,4,X,39,169
3.0,6,Z,22,302
5.7,8,X,19,340
1.5,4,X,39,170
1.2,3,X,44,147
2.5,4,X,34,193
2.0,4,X,37,177
2.7,6,X,23,283
1.6,4,Z,35,184
5.5,8,Z,17,375
3.6,6,X,27,248
6.2,8,Z,20,329
3.4,6,Z,28,232
1.6,4,X,36,182
5.3,8,X,20,339
2.0,4,Z,29,227
4.4,8,Z,25,269
2.0,4,Z,27,248
2.5,5,X,26,254
2.4,4,X,33,201
1.6,4,Z,35,184
3.5,6,X,25,264
4.7,8,Z,24,277
1.5,4,Z,46,140
3.0,6,Z,23,291
4.4,8,Z,20,322
3.6,6,X,25,264
5.0,8,E,14,315
4.3,6,X,23,288
2.0,4,X,31,211
5.5,8,Z,18,363
2.5,4,X,25,268
1.6,4,D,38,198
4.4,8,Z,20,317
1.4,4,X,39,171
4.6,8,Z,22,303
5.7,8,X,23,289
2.0,4,Z,29,226
3.0,6,Z,26,253
3.0,6,Z,23,281
5.3,8,E,16,275
5.0,8,X,25,264
2.0,4,X,38,175
3.5,6,X,23,291
3.5,6,X,25,260
2.0,4,Z,25,264
3.6,6,E,19,243
3.6,6,X,21,322
2.0,4,Z,32,209
3.0,6,Z,23,285
2.4,4,X,31,214
3.6,6,X,21,312
6.8,8,Z,16,408
1.0,3,X,40,163
2.0,4,X,34,196
3.6,6,X,26,248
2.0,4,X,40,167
6.4,8,Z,22,297
2.0,4,X,32,206
3.6,6,X,27,249
2.7,6,X,24,276
2.7,6,X,24,277
3.0,6,Z,25,266
3.5,6,Z,26,259
5.3,8,X,21,313
3.6,6,E,17,279
1.8,4,X,42,156
2.5,4,X,38,174
2.0,4,Z,29,229
2.9,6,Z,24,271
2.4,4,X,30,216
2.0,4,X,30,221
5.3,8,E,15,294
3.0,6,Z,23,283
2.0,4,Z,28,235
2.0,4,Z,29,227
3.6,6,X,22,298
3.5,6,X,26,253
6.4,8,Z,18,363
5.7,8,X,20,331
3.0,6,Z,29,227
2.5,4,X,36,186
3.5,6,X,27,248
5.2,10,Z,20,330
3.0,6,Z,22,306
1.8,4,X,63,105
5.3,8,X,20,339
2.5,4,Z,26,257
3.0,6,Z,19,346
2.0,4,X,36,187
5.7,8,Z,17,380
1.6,4,X,31,216
2.0,4,X,28,232
2.4,4,X,25,261
3.5,6,X,22,295
3.5,6,X,24,274
2.5,4,X,34,192
4.0,8,Z,20,337
2.5,5,X,28,233
1.6,4,X,38,177
4.4,8,Z,19,343
2.0,4,X,32,202
2.0,4,X,30,214
2.5,4,X,27,244
2.0,4,X,34,200
2.5,4,X,32,204
4.0,8,Z,24,277
6.0,12,Z,18,360
3.5,6,Z,31,214
2.0,4,X,34,193
5.3,8,X,22,304
2.0,4,Z,27,249
3.5,6,E,18,251
1.8,4,X,29,224
1.8,4,X,34,196
3.6,6,X,24,274
3.8,6,Z,25,260
1.6,4,Z,32,205
2.0,4,Z,30,220
3.8,6,Z,25,265
5.0,8,Z,22,305
2.5,4,X,32,200
3.0,6,D,29,256
2.5,4,X,26,253
1.5,3,Z,39,170
2.5,4,X,25,265
2.4,4,X,25,255
3.5,6,Z,25,258
3.0,6,Z,25,260
2.0,4,X,37,177
1.4,4,X,39,170
5.7,8,X,22,302
3.5,6,E,17,269
3.6,6,X,22,299
3.6,6,X,27,248
3.0,6,Z,22,299
3.6,6,X,26,258
3.0,6,X,24,280
2.0,4,Z,30,219
4.6,8,E,13,350
2.5,4,X,34,198
2.0,4,Z,32,212
1.5,4,X,35,189
3.7,6,Z,22,301
3.6,6,E,20,234
4.3,6,E,16,294
2.5,4,E,19,240
3.0,6,Z,28,232
3.6,6,X,26,258
2.0,4,E,27,177
1.4,4,X,40,166
2.4,4,X,29,233
2.5,4,X,30,218
3.0,6,Z,27,248
3.6,6,X,27,250
3.6,6,Z,22,296
4.0,6,Z,20,335
2.0,4,Z,33,196
2.5,4,X,26,252
2.0,4,X,50,135
5.7,8,X,23,289
4.0,8,Z,20,333
2.5,4,Z,23,285
2.0,4,Z,29,224
2.4,4,X,25,257
6.4,8,Z,18,363
2.0,4,Z,27,241
4.4,8,Z,20,322
2.5,4,X,32,206
2.4,4,X,29,230
3.0,6,Z,26,250
6.0,12,Z,19,355
4.2,8,Z,20,324
3.0,6,Z,22,300
3.0,6,Z,26,257
3.6,6,X,22,304
2.7,4,X,27,241
2.0,4,X,34,195
6.0,12,Z,19,355
1.8,4,X,30,220
3.0,6,Z,29,225
6.7,12,Z,17,382
2.5,4,Z,29,230
1.4,4,X,37,177
3.7,6,Z,25,270
2.0,4,Z,26,246
5.7,8,X,21,313
6.2,8,Z,20,329
3.5,6,X,29,226
2.0,4,Z,29,223
1.8,4,X,34,193
1.5,4,X,39,167
6.2,8,Z,19,347
3.6,6,X,23,283
1.5,4,X,41,162
3.0,6,Z,25,262
2.5,4,X,33,198
5.3,8,X,20,317
2.0,4,X,33,196
3.6,6,E,17,272
1.6,4,X,36,179
3.0,6,D,28,277
3.0,6,Z,25,267
2.5,4,X,29,227
4.4,8,Z,21,317
4.6,8,Z,22,297
2.7,6,X,25,263
3.0,6,Z,32,200
2.0,4,X,32,206
3.0,6,Z,29,228
4.0,8,Z,22,295
5.6,8,Z,19,354
6.2,8,Z,20,331
3.0,6,Z,27,247
1.8,4,X,34,193
3.0,6,X,23,289
3.6,6,E,17,269
6.2,8,Z,20,331
1.4,4,X,35,187
3.0,6,Z,28,233
1.4,4,X,35,186
3.6,6,X,24,274
6.0,12,Z,19,346
1.8,4,X,41,163
2.4,4,X,30,222
2.9,6,Z,25,261
4.7,8,Z,19,338
3.6,6,X,24,274
2.0,4,X,34,194
2.0,4,X,30,220
2.4,4,X,28,242
2.0,4,X,35,188
2.0,4,Z,34,193
2.0,4,Z,32,204
2.4,4,X,31,211
2.0,4,X,27,245
3.0,6,Z,19,346
3.6,6,X,27,247
2.0,4,D,35,211
2.0,4,X,34,193
4.3,6,E,17,284
3.0,6,Z,26,258
1.8,4,X,40,165
3.5,6,X,22,299
3.5,6,X,22,300
3.0,6,Z,23,283
2.0,4,Z,30,221
3.0,6,Z,25,267
3.0,6,Z,28,235
3.0,6,Z,25,265
1.8,4,X,35,184
6.2,8,Z,20,327
2.5,4,X,33,200
3.0,6,Z,26,256
5.0,8,X,20,324
2.0,4,X,36,179
5.3,8,X,21,312
5.0,8,X,23,288
2.0,4,Z,29,227
2.5,4,X,36,184
5.0,8,Z,25,268
3.0,6,Z,21,306
3.5,6,Z,29,225
3.0,6,Z,26,250
2.0,4,Z,30,217
2.0,4,X,32,206
1.5,4,X,35,188
3.7,6,X,28,235
1.5,4,X,39,169
5.0,8,Z,22,290
3.0,6,Z,23,278
1.4,4,X,33,196
2.0,4,E,27,170
2.0,4,X,38,174
1.0,3,X,34,196
3.8,6,Z,26,251
3.0,6,D,36,213
2.0,4,Z,29,233
5.0,8,Z,19,338
1.5,4,X,37,177
2.0,4,X,33,198
2.0,4,X,32,206
5.0,8,E,16,291
2.5,4,X,39,168
4.0,6,X,21,308
3.6,6,X,25,265
2.5,4,X,32,205
2.0,4,Z,30,220
3.6,6,X,23,283
2.3,4,X,25,267
3.5,6,Z,26,254
3.5,6,Z,26,261
2.5,4,X,42,158
2.0,4,X,34,193
4.4,8,Z,22,292
2.0,4,Z,29,223
2.0,4,Z,25,268
1.4,4,X,35,184
5.7,8,X,18,371
3.0,6,Z,28,233
4.7,8,Z,25,268
5.6,8,X,18,370
1.4,4,X,36,179
1.5,3,Z,31,215
3.8,6,Z,26,255
5.7,8,X,21,313
1.6,4,X,29,222
2.0,4,Z,29,228
3.5,6,Z,25,260
3.0,6,Z,27,242
2.0,4,X,31,213
3.6,6,X,26,251
3.6,6,X,26,253
2.0,4,Z,29,232
2.0,4,Z,28,233
5.3,8,X,21,314
1.5,3,X,36,185
1.5,4,X,34,196
3.7,6,X,23,281
4.0,6,X,20,326
2.0,4,X,38,174
2.0,4,Z,31,210
5.7,8,X,20,324
2.5,4,X,38,172
3.0,6,Z,25,270
4.0,8,Z,20,332
2.9,6,Z,24,275
5.0,8,Z,22,303
2.0,4,Z,32,205
3.6,6,E,18,254
3.2,6,X,29,228
2.5,4,X,29,225
3.0,6,D,30,249
5.0,8,Z,21,317
2.0,4,X,34,193
2.0,4,D,43,175
2.0,4,X,26,257
2.4,4,X,30,216
2.0,4,Z,32,205
3.0,6,Z,22,294
5.5,8,Z,22,305
2.5,4,X,29,228
5.6,8,Z,23,285
2.5,4,X,28,234
1.8,4,Z,31,207
3.7,6,Z,24,274
6.2,8,Z,19,355
2.0,4,X,28,232
1.8,4,X,39,168
3.0,6,Z,29,228
2.9,6,Z,24,273
2.4,4,X,35,193
3.8,6,Z,22,297
1.8,4,X,35,189
2.0,4,Z,32,207
2.0,4,Z,31,213
2.0,4,Z,32,205
2.5,4,X,25,266
5.2,10,Z,19,347
3.0,6,Z,27,241
1.4,4,X,35,184
2.0,4,X,29,226
5.3,8,E,12,362
5.5,8,Z,20,322
6.5,12,Z,14,453
2.5,4,X,25,260
2.0,4,Z,29,225
3.0,6,Z,25,265
3.5,6,X,24,269
3.4,6,Z,27,245
3.7,6,Z,25,270
6.2,8,Z,18,357
2.0,4,X,26,257
2.4,4,X,29,225
5.7,8,X,21,312
5.3,8,X,21,314
3.0,6,Z,27,246
2.0,4,Z,29,226
4.0,8,Z,26,258
6.0,8,Z,20,327
2.0,4,Z,28,236
1.5,4,X,43,154
2.0,4,Z,29,232
1.8,4,X,35,186
2.0,4,Z,28,235
1.5,3,Z,38,174
4.0,8,Z,20,322
5.3,8,E,16,282
6.2,8,Z,20,332
4.7,8,Z,25,262
3.5,6,X,29,225
5.7,8,X,22,302
3.0,6,Z,29,232
4.4,8,Z,19,344
3.5,6,Z,26,250
3.5,6,X,29,221
3.0,6,D,34,224
2.5,4,X,36,183
3.6,6,E,19,248
3.5,6,X,22,298
3.0,6,D,35,217
6.0,12,Z,20,327
3.0,6,D,29,256
2.7,4,X,27,244
2.0,4,Z,30,219
1.6,4,X,36,182
3.5,6,Z,26,254
6.0,12,Z,19,343
2.4,4,X,26,246
1.4,4,X,30,221
2.0,4,E,26,179
6.0,12,Z,20,327
1.8,4,X,40,161
3.0,6,Z,25,260
2.7,6,Z,29,228
5.0,8,E,16,296
3.0,6,Z,26,246
3.5,6,Z,25,262
2.0,4,Z,32,210
3.6,6,X,27,247
3.5,6,X,20,334
3.0,6,Z,27,244
4.0,8,Z,16,410
1.5,4,X,38,173
1.8,4,Z,30,216
2.0,4,X,35,191
6.2,8,Z,18,361
2.0,4,Z,31,212
1.6,4,X,34,192
2.5,4,X,25,266
2.4,4,E,20,236
3.6,6,E,17,274
2.5,4,X,39,168
3.0,6,Z,20,340
2.0,4,Z,33,198
4.0,8,Z,25,261
3.8,8,Z,18,360
3.5,6,Z,26,251
3.6,6,X,25,261
3.0,6,D,31,246
1.8,4,X,35,187
3.0,6,Z,23,288
3.3,6,Z,24,279
6.4,8,Z,22,305
3.0,6,Z,28,238
6.2,8,Z,25,263
5.3,8,X,20,329
3.5,6,X,22,303
2.5,4,X,34,192
3.3,6,Z,24,282
3.5,6,Z,28,237
1.4,4,X,38,174
2.0,4,X,34,192
6.2,8,Z,19,340
2.4,4,X,30,222
2.0,4,X,29,225
5.0,8,Z,22,306
3.0,6,D,32,238
3.0,6,X,24,274
4.6,8,X,19,351
2.0,4,X,28,238
3.6,6,X,27,242
3.5,6,E,19,248
2.5,4,X,34,194
3.5,6,Z,27,244
1.2,3,X,44,147
2.0,4,X,31,213
1.8,4,X,37,177
2.4,4,X,26,253
3.5,6,E,18,261
1.5,4,Z,39,167
3.6,6,X,25,262
3.6,6,X,27,242
3.6,6,Z,26,248
2.0,4,Z,31,214
2.0,4,X,32,210
2.0,4,Z,31,213
1.0,3,Z,44,147
5.3,8,X,21,321
2.0,4,X,32,206
1.8,4,Z,34,193
2.0,4,Z,27,239
2.5,4,X,39,172
1.6,4,X,67,99
2.4,4,X,31,214
2.0,4,Z,29,227
2.4,4,X,28,230
3.5,6,Z,29,225
1.2,3,X,43,151
6.4,8,Z,22,305
2.0,4,Z,30,220
5.7,8,X,22,302
2.4,4,X,27,247
3.0,6,Z,23,283
5.3,8,X,22,304
5.6,8,X,21,312
2.0,4,X,28,235
0.9,3,Z,42,152
5.3,8,X,22,298
1.5,3,Z,38,174
3.0,6,Z,27,246
2.0,4,Z,29,229
4.3,6,X,23,294
3.5,6,X,31,215
5.3,8,E,15,309
6.0,12,Z,14,473
3.2,6,X,27,242
3.5,6,X,25,260
3.6,6,X,23,292
1.4,4,X,34,196
4.0,8,Z,24,274
6.5,12,Z,15,423
2.0,4,X,38,173
2.4,4,E,24,192
3.6,6,E,19,237
2.4,4,X,28,230
5.3,8,X,21,310
5.2,12,Z,20,324
2.5,4,X,35,190
2.0,4,Z,30,219
3.3,6,X,25,265
6.4,8,Z,18,368
4.0,6,X,21,310
3.6,6,E,18,250
2.0,4,X,35,188
5.3,8,E,16,275
1.5,4,X,40,165
2.0,4,Z,27,246
5.7,8,X,17,383
2.0,4,Z,34,196
3.0,6,Z,23,285
3.6,6,X,27,247
3.0,6,Z,25,271
2.0,4,X,35,189
3.0,6,Z,27,249
3.0,6,Z,29,231
2.4,4,X,35,184
1.6,4,D,44,172
5.5,8,Z,22,308
5.3,8,E,16,298
2.0,4,Z,32,205
2.5,5,X,26,254
4.4,8,Z,21,315
1.6,4,X,36,184
3.6,6,E,18,253
3.0,6,Z,25,266
2.5,4,X,25,260
2.8,4,D,27,284
3.0,6,Z,34,191
2.5,4,X,38,177
6.2,8,Z,19,339
2.0,4,Z,27,241
3.8,8,Z,21,321
3.8,6,X,25,255
6.2,8,Z,23,282
3.6,6,X,25,260
2.0,4,Z,28,233
3.6,6,X,22,299
2.5,4,X,31,216
4.3,6,X,23,294
5.7,8,X,18,358
1.6,4,X,31,218
5.4,8,X,15,421
2.0,4,Z,30,217
5.7,8,X,17,378
4.3,6,X,20,331
5.7,8,X,23,289
2.4,4,X,30,219
3.0,6,D,34,224
1.8,4,X,38,176
5.7,8,X,22,301
2.7,6,X,24,276
5.3,8,X,21,320
2.0,4,Z,31,214
2.8,4,D,23,326
2.5,4,X,53,124
5.3,8,E,16,299
3.4,6,Z,26,250
2.5,4,X,29,221
4.0,8,Z,22,303
3.0,6,D,29,264
4.0,8,Z,23,285
5.3,8,X,22,305
3.3,6,E,18,262
1.8,4,X,40,163
5.0,8,X,21,311
2.5,4,X,35,190
3.0,6,Z,29,232
1.5,3,Z,33,197
2.0,4,X,27,239
1.6,4,X,29,223
1.6,4,X,35,189
2.0,4,D,43,177
5.3,8,E,16,300
3.6,6,X,24,273
3.0,6,Z,25,269
3.2,6,X,24,269
1.4,4,X,40,163
3.6,6,X,29,233
3.0,6,Z,23,285
5.3,8,X,21,314
3.7,6,Z,25,264
6.0,12,Z,17,389
2.5,4,X,55,121
4.4,8,Z,19,338
2.0,4,Z,29,228
2.4,4,X,45,145
3.6,6,X,27,242
2.0,4,X,30,219
3.3,6,X,25,265
1.6,4,X,29,227
5.3,8,X,21,317
3.0,6,D,29,256
1.5,4,X,32,203
2.5,4,X,31,210
6.2,8,Z,21,318
5.3,8,E,16,288
2.5,4,X,48,139
5.0,8,Z,19,347
1.6,4,Z,37,175
5.3,8,X,20,324
3.0,6,Z,22,299
3.5,6,X,26,252
2.0,4,X,29,231
5.3,8,X,22,292
1.5,4,X,42,164
3.0,6,Z,25,269
1.6,4,X,52,129
2.0,4,X,34,192
1.5,4,X,39,168
3.6,6,X,25,263
3.5,6,X,22,300
3.0,6,Z,28,239
3.6,6,E,19,240
3.5,6,X,24,280
1.5,4,X,33,207
2.0,4,Z,31,209
2.0,4,Z,32,204
3.0,6,Z,27,241
3.5,6,Z,26,253
2.0,4,Z,29,232
1.6,4,Z,35,184
2.5,4,X,32,202
3.0,6,D,29,260
5.0,8,Z,20,332
2.0,4,Z,27,240
5.0,8,E,16,291
5.3,8,X,17,380
3.6,6,Z,22,290
2.4,4,X,28,235
1.5,4,X,34,197
3.0,6,Z,21,304
2.0,4,Z,31,209
4.7,8,Z,24,275
4.7,8,Z,19,357
2.5,4,X,31,208
1.6,4,Z,32,200
4.4,8,Z,20,324
2.0,4,X,35,189
3.6,6,Z,23,281
3.0,6,X,24,278
2.0,4,Z,34,191
2.5,4,X,29,225
3.6,6,E,18,260
2.3,4,X,29,228
3.5,6,Z,26,253
6.6,12,Z,17,390
2.0,4,Z,31,214
5.0,8,Z,21,312
2.5,4,X,33,199
4.8,8,Z,20,338
2.4,4,X,35,190
2.0,4,X,31,214
6.0,8,E,11,414
2.0,4,X,31,214
4.7,8,Z,18,370
1.5,4,X,39,167
5.3,8,X,22,307
3.6,6,E,19,246
2.0,4,X,38,175
3.0,6,D,27,278
6.2,8,Z,20,331
5.5,8,Z,21,304
2.4,4,X,34,193
3.5,6,Z,26,253
2.0,4,Z,25,256
1.4,4,Z,53,124
3.4,6,Z,28,232
3.7,6,Z,24,269
3.0,6,Z,27,246
1.4,4,X,37,178
2.5,4,X,36,185
2.0,4,Z,35,190
2.0,4,X,32,205
1.8,4,X,36,182
3.5,6,Z,27,239
2.0,4,D,36,211
2.5,4,Z,23,291
2.0,4,Z,31,211
2.0,4,X,56,117
3.0,6,Z,26,245
5.3,8,E,16,285
3.3,6,X,23,295
3.0,6,Z,27,243
3.0,6,Z,23,286
1.4,4,X,33,196
1.8,4,X,39,168
3.0,6,Z,22,296
2.5,4,X,29,225
4.8,8,Z,21,310
1.6,4,X,30,218
2.5,4,X,34,194
2.0,4,Z,32,204
3.3,6,X,23,291
2.5,4,X,26,252
3.0,6,Z,23,278
6.0,12,Z,20,337
3.8,6,Z,25,267
1.6,4,X,59,114
2.4,4,X,27,248
4.4,8,Z,22,294
3.7,6,Z,26,248
3.0,6,Z,22,299
2.7,6,X,24,281
3.5,6,X,22,303
2.0,4,Z,32,205
1.0,3,Z,43,150
3.6,6,X,24,277
5.3,8,X,20,324
3.0,6,D,29,256
1.5,3,Z,36,184
5.0,8,E,16,292
3.7,6,X,25,258
2.0,4,X,35,188
2.0,4,Z,29,231
3.5,6,Z,38,172
1.4,4,X,36,185
6.2,8,Z,22,292
3.0,6,Z,27,231
5.2,10,Z,17,377
5.5,8,Z,21,310
3.0,6,Z,27,246
5.3,8,X,20,329
5.7,8,X,22,294
1.6,4,Z,33,201
6.2,8,Z,22,292
6.0,12,Z,18,356
2.5,4,E,19,241
3.8,6,Z,25,266
5.3,8,X,21,310
3.5,6,X,29,225
2.4,4,X,31,209
2.0,4,Z,31,213
2.0,4,X,28,232
3.0,6,Z,29,228
3.6,6,X,25,263
4.3,6,E,17,269
2.0,4,Z,32,200
5.5,8,Z,22,308
2.0,4,Z,33,200
2.0,4,X,33,200
2.5,4,X,34,198
3.0,6,X,23,289
3.0,6,Z,26,253
3.6,6,X,27,249
2.7,4,X,26,251
3.6,6,E,19,248
5.0,8,Z,20,336
2.5,4,X,31,214
2.4,4,X,30,222
2.0,4,X,26,259
3.0,6,D,29,267
6.0,8,X,15,437
2.8,4,D,27,277
3.0,6,Z,30,222
2.0,4,X,31,207
1.4,4,X,36,185
5.0,8,Z,21,318
2.3,4,X,27,244
2.0,4,X,26,261
5.2,10,Z,18,366
3.5,6,X,23,288
3.4,6,Z,25,261
5.3,8,E,15,305
3.6,6,X,23,286
3.6,6,Z,22,299
2.4,4,X,28,230
3.5,6,X,27,244
1.4,4,X,38,175
2.4,4,X,28,239
6.5,12,Z,15,421
2.5,4,X,35,186
3.6,6,X,27,237
5.5,8,Z,21,310
1.6,4,X,60,110
2.4,4,X,25,261
1.6,4,X,32,208
3.5,6,Z,29,228
1.6,4,X,66,104
1.8,4,X,37,180
2.4,4,X,30,216
1.6,4,Z,32,208
3.0,6,X,24,271
2.4,4,X,29,221
3.0,6,Z,24,267
3.6,6,X,26,258
3.6,6,X,24,271
3.5,6,X,30,219
3.6,6,X,22,294
1.6,4,X,39,173
3.5,6,Z,34,196
5.3,8,E,14,342
5.5,8,Z,22,313
2.5,4,X,48,139
2.7,4,X,25,258
1.0,3,X,38,176
3.0,6,Z,29,221
3.0,6,Z,28,238
3.6,6,X,23,285
3.6,6,X,24,277
2.0,4,X,37,177
3.5,6,X,20,324
4.8,8,Z,20,336
2.0,4,Z,30,216
1.8,4,X,34,192
2.0,4,X,31,214
2.0,4,D,41,183
1.8,4,X,64,105
3.0,6,Z,27,237
3.4,6,Z,30,218
1.6,4,X,37,175
5.3,8,X,19,354
5.0,8,Z,21,310
5.3,8,E,17,284
2.0,4,Z,35,186
2.5,4,X,35,184
2.0,4,X,31,213
1.3,4,X,31,216
3.5,6,X,30,218
2.0,4,Z,32,205
3.6,6,X,24,280
3.2,6,X,28,234
2.0,4,X,31,212
3.5,6,Z,28,230
5.0,8,Z,23,286
2.0,4,Z,33,199
2.0,4,X,34,193
6.2,8,Z,24,276
4.0,8,Z,20,327
2.0,4,X,30,220
1.5,4,Z,39,170
1.6,4,Z,34,191
3.6,6,X,28,234
3.0,6,Z,25,269
3.0,6,Z,29,231
3.6,6,X,24,273
2.0,4,X,29,225
2.5,4,X,31,207
2.4,4,X,32,204
5.7,8,Z,22,307
5.0,8,Z,18,354
3.0,6,Z,23,290
2.0,4,Z,31,214
3.2,6,X,25,259
3.0,6,Z,24,272
4.4,8,Z,19,338
2.0,4,Z,29,228
2.0,4,X,40,163
2.0,4,X,36,186
3.5,6,X,26,251
3.0,6,D,28,268
4.4,8,Z,21,317
4.4,8,Z,20,324
2.0,4,X,36,182
2.0,4,Z,29,227
6.2,8,Z,20,323
2.0,4,X,30,219
2.4,4,X,29,224
4.0,8,Z,23,281
5.3,8,X,22,298
1.8,4,X,41,163
2.7,6,X,27,249
3.8,8,Z,20,321
1.4,4,X,35,189
3.5,6,X,25,255
2.0,4,Z,34,196
5.5,8,Z,22,301
3.0,6,Z,30,214
2.0,4,Z,32,205
4.7,8,Z,21,318
3.5,6,Z,26,254
2.0,4,X,25,264
5.0,8,Z,21,315
5.5,8,Z,21,304
2.7,6,X,24,280
3.5,6,E,17,278
5.0,8,Z,21,306
3.8,6,X,24,278
6.4,8,Z,20,320
3.8,6,X,25,265
3.6,6,X,20,331
3.5,6,X,19,339
2.0,4,X,30,219
1.8,4,X,39,166
2.4,4,X,30,216
5.4,8,X,18,368
5.0,8,X,22,307
3.3,6,X,26,251
1.6,4,Z,32,200
3.0,6,Z,23,286
2.0,4,Z,33,202
4.4,8,Z,24,273
2.5,4,X,23,290
4.3,6,X,24,279
2.0,4,Z,28,233
2.0,4,Z,29,232
3.6,6,X,24,274
3.0,6,Z,29,221
3.6,6,X,27,237
5.7,8,X,22,302
6.6,12,Z,18,375
5.3,8,X,21,306
2.0,4,X,35,188
3.6,6,X,24,271
3.5,6,X,24,272
2.0,4,Z,27,246
5.7,8,X,22,299
1.8,4,X,34,197
6.4,8,Z,22,302
1.6,4,X,31,214
5.3,8,X,22,292
8.4,10,Z,17,389
5.0,8,X,21,311
3.0,6,Z,26,257
5.0,8,X,22,302
2.0,4,X,28,241
4.0,8,Z,25,263
3.0,6,D,32,233
2.0,4,Z,27,237
3.5,6,X,25,268
2.0,4,X,35,191
2.4,4,X,27,249
3.8,6,Z,23,283
2.5,4,Z,26,249
2.0,4,X,34,198
2.3,4,X,27,240
5.0,8,X,23,285
3.6,6,X,24,274
2.0,4,Z,29,225
2.0,4,X,31,214
3.4,6,Z,30,222
2.5,4,X,34,191
6.2,8,Z,19,343
2.0,4,X,31,209
3.0,6,Z,25,266
3.0,6,Z,31,210
3.6,6,X,27,242
2.5,4,X,32,204
2.5,4,X,34,191
6.0,12,Z,20,335
5.5,8,Z,16,401
2.7,4,X,24,274
1.5,4,X,36,182
3.5,6,E,18,254
1.4,4,X,36,182
2.0,4,Z,26,251
3.5,6,Z,27,244
3.0,6,Z,25,270
2.0,4,Z,29,227
2.5,4,X,37,177
2.7,6,X,26,258
3.5,6,X,30,214
2.0,4,X,37,179
3.0,6,Z,28,230
6.2,8,Z,17,382
2.4,4,Z,34,192
2.4,4,X,46,143
2.0,4,X,31,209
2.0,4,Z,27,242
2.0,4,Z,32,200
1.6,4,Z,31,207
2.5,5,X,28,232
6.0,12,Z,18,373
6.4,8,Z,20,320
2.0,4,Z,28,233
3.5,6,X,23,288
5.7,8,X,22,294
3.4,6,Z,27,239
2.5,4,X,31,214
3.6,6,X,26,250
1.5,4,X,40,166
5.7,8,X,23,289
2.5,4,X,38,170
2.5,4,X,30,214
2.5,4,X,48,139
2.7,4,X,25,263
2.0,4,X,35,189
5.7,8,X,17,384
3.7,6,Z,24,274
4.4,8,Z,23,283
3.8,6,Z,25,258
3.0,6,Z,30,223
1.6,4,X,30,223
5.7,8,X,20,328
5.3,8,X,20,337
4.4,8,Z,23,288
1.5,4,Z,39,167
2.0,4,Z,31,212
2.0,4,Z,31,209
1.8,4,X,33,199
3.5,6,Z,28,235
5.2,8,Z,19,342
5.3,8,E,15,294
3.5,6,X,26,252
4.0,8,Z,24,277
1.2,3,X,47,141
2.0,4,Z,34,193
5.5,8,Z,22,303
1.6,4,X,32,205
1.4,4,X,36,179
6.2,8,Z,20,335
4.6,8,X,19,349
2.0,4,E,27,165
3.2,6,X,25,264
2.0,4,Z,30,218
2.4,4,X,28,237
1.3,4,X,44,147
2.0,4,X,27,245
3.0,6,Z,23,282
2.5,6,Z,29,223
5.3,8,E,12,362
1.6,4,X,37,177
3.5,6,Z,29,226
2.4,4,X,28,238
6.0,12,Z,20,332
3.5,6,X,19,342
5.0,8,Z,21,313
3.4,6,Z,28,236
5.7,8,X,20,331
1.6,4,X,39,173
2.0,4,D,41,184
1.8,4,Z,32,205
6.0,8,X,14,465
3.8,6,Z,25,266
2.0,4,X,38,174
3.0,6,Z,29,227
2.0,4,X,35,186
3.0,6,Z,26,252
4.4,8,Z,20,324
5.7,8,X,19,348
3.0,6,Z,26,256
4.4,8,Z,23,283
2.0,4,X,30,214
4.0,8,Z,21,312
1.8,4,X,60,109
2.8,4,D,27,284
3.5,6,X,26,252
2.0,4,Z,30,221
2.0,4,X,36,185
2.0,4,E,25,184
5.0,8,Z,21,310
2.0,4,X,28,230
3.5,6,X,27,243
3.0,6,Z,26,253
5.3,8,X,22,306
3.0,6,Z,29,228
5.3,8,X,19,350
5.5,8,Z,16,407
3.5,6,Z,26,258
2.0,4,X,34,198
3.8,6,Z,22,300
4.3,6,X,24,278
5.3,8,E,13,344
1.8,4,X,34,196
2.0,4,Z,30,223
4.8,8,Z,22,298
5.6,8,X,21,315
3.8,6,Z,26,259
5.3,8,X,21,312
3.5,6,X,23,285
2.0,4,Z,27,244
2.0,4,Z,35,184
3.0,6,Z,25,265
4.2,8,Z,19,336
3.5,6,X,22,303
3.8,6,Z,24,274
3.6,6,X,23,286
3.5,6,Z,37,177
2.5,4,X,29,225
3.6,6,X,24,270
2.4,4,X,45,145
2.5,4,X,39,169
4.0,8,Z,20,327
3.0,6,Z,23,278
2.0,4,Z,30,223
4.4,8,Z,19,343
1.8,4,X,39,171
2.0,4,X,38,175
2.4,4,X,31,209
3.0,6,Z,26,259
4.4,8,Z,21,315
2.4,4,X,30,216
3.0,6,Z,30,222
4.8,8,X,16,419
1.2,3,X,44,149
1.4,4,X,38,174
2.0,4,X,34,198
3.6,6,E,20,222
2.7,4,X,25,261
1.8,4,Z,34,197
3.0,6,Z,27,248
2.0,4,X,29,230
6.0,8,X,15,435
3.5,6,Z,26,257
2.7,6,Z,31,212
3.5,6,Z,34,193
5.0,8,E,13,342
5.0,8,X,22,299
2.0,4,X,38,173
2.0,4,X,56,117
3.5,6,X,25,260
5.0,8,X,19,340
4.4,8,Z,19,344
5.0,8,E,15,299
4.0,8,Z,26,255
8.0,16,Z,13,522
2.0,4,Z,29,227
3.0,6,Z,26,235
4.0,8,Z,22,309
1.5,3,Z,31,212
2.0,4,Z,30,216
3.0,6,Z,27,246
1.6,4,Z,32,200
5.5,8,Z,16,419
2.5,4,X,33,198
2.0,4,X,34,191
3.6,6,X,27,242
2.0,4,Z,31,217
5.2,10,Z,20,331
3.0,6,Z,29,227
2.4,4,X,25,261
1.6,4,Z,32,200
2.5,4,X,29,226
5.7,8,X,21,319
3.5,6,E,17,267
2.4,4,X,31,209
6.0,12,Z,18,368
3.0,6,Z,24,273
1.4,4,X,34,197
3.0,6,Z,25,265
4.7,8,Z,20,335
2.9,6,Z,24,273
6.2,8,Z,22,294
3.6,6,E,17,283
3.0,6,Z,19,353
6.2,8,Z,19,340
2.0,4,Z,33,198
2.0,4,Z,28,228
1.6,4,X,34,194
3.3,6,X,25,263
2.0,4,Z,32,209
3.5,6,X,27,243
4.0,8,Z,24,275
2.0,4,X,33,202
2.4,4,X,27,246
2.0,4,D,42,181
1.2,3,X,43,150
3.0,6,Z,25,260
4.8,8,Z,20,334
3.0,6,Z,23,294
3.0,6,D,31,245
5.0,8,Z,21,313
3.3,6,X,25,258
2.0,4,Z,26,248
3.6,6,X,28,241
3.0,6,Z,23,293
3.0,6,Z,25,261
2.0,4,Z,31,214
3.0,6,Z,27,246
2.0,4,X,31,213
4.4,8,Z,23,281
3.5,6,X,25,260
3.0,6,Z,24,273
5.3,8,E,15,306
3.0,6,Z,26,251
4.4,8,Z,24,282
5.0,8,E,13,342
3.0,6,Z,28,233
3.7,6,Z,24,278
3.6,6,X,27,249
6.2,8,Z,20,329
2.3,4,X,25,261
5.3,8,X,23,290
5.0,8,Z,21,306
2.4,4,X,34,189
3.6,6,X,22,294
3.6,6,X,21,323
3.5,6,X,25,264
4.0,8,Z,23,286
1.4,4,X,33,200
4.0,8,Z,21,308
3.6,6,X,21,312
2.0,4,Z,29,231
2.0,4,X,34,191
3.5,6,X,22,300
3.5,6,X,24,278
2.4,4,Z,34,196
4.7,8,Z,24,276
2.7,6,X,27,249
2.0,4,Z,31,212
2.5,4,X,29,225
3.6,6,X,26,258
2.0,4,Z,29,229
2.0,4,Z,34,197
1.4,4,X,35,187
3.6,6,X,25,258
5.3,8,E,14,334
5.3,8,E,17,284
4.3,6,E,16,296
5.3,8,X,22,305
3.5,6,X,22,304
1.5,4,X,41,159
3.6,6,X,24,276
1.4,4,X,36,182
3.0,6,Z,26,253
3.5,6,X,22,303
4.0,6,X,21,315
1.6,4,X,31,219
3.6,6,X,26,251
4.7,8,Z,25,262
2.0,4,Z,29,231
3.4,6,Z,26,251
3.2,6,X,28,240
1.3,4,X,31,216
6.0,8,E,11,418
3.4,6,Z,26,251
2.5,4,X,23,283
3.4,6,Z,27,242
2.0,4,X,48,139
3.2,6,X,27,241
2.0,4,X,32,209
3.7,6,X,21,308
5.3,8,E,16,275
5.3,8,X,18,366
1.6,4,X,31,218
1.6,4,X,37,177
1.4,4,X,40,163
3.6,6,X,24,272
1.8,4,X,37,180
4.0,8,Z,22,299
4.0,8,Z,20,329
1.4,4,X,34,191
6.2,8,Z,20,325
3.0,6,Z,22,296
2.0,4,Z,31,214
3.5,6,Z,34,189
6.2,8,E,14,322
3.6,6,X,26,259
1.8,4,X,34,194
5.0,8,X,23,289
2.0,4,Z,29,223
3.6,6,E,20,230
1.8,4,X,35,189
1.6,4,X,36,186
5.3,8,X,21,310
3.6,6,E,20,222
3.8,6,Z,22,294
5.3,8,X,22,307
3.0,6,Z,29,229
1.5,4,X,60,108
2.5,4,X,30,220
3.0,6,D,36,213
3.0,6,Z,22,301
2.0,4,Z,27,239
1.2,3,X,43,150
1.6,4,X,34,197
3.0,6,D,32,238
3.0,6,Z,26,253
3.6,6,X,22,290
2.4,4,Z,34,192
5.0,8,Z,19,344
3.3,6,X,25,272
2.3,4,X,27,244
2.0,4,Z,32,203
2.0,4,Z,30,219
4.4,8,Z,22,292
1.8,4,X,37,179
5.7,8,X,22,301
5.0,8,E,15,310
5.3,8,E,13,344
4.0,8,Z,24,282
2.0,4,Z,32,208
2.0,4,Z,30,219
2.4,4,X,28,239
2.0,4,Z,31,209
3.4,6,Z,27,242
2.0,4,X,31,214
5.3,8,X,22,305
5.3,8,E,16,277
2.0,4,Z,30,219
3.0,6,Z,23,281
3.0,6,Z,27,249
2.4,4,X,29,224
2.0,4,Z,28,234
3.0,6,D,31,244
1.4,4,X,38,174
3.0,6,Z,27,242
6.2,8,Z,20,332
3.0,6,Z,24,271
2.0,4,Z,29,231
1.8,4,X,32,200
2.0,4,Z,28,235
2.5,4,X,35,187
4.0,8,Z,25,271
5.0,8,Z,19,345
2.0,4,X,40,161
2.0,4,Z,31,211
2.5,4,X,39,170
3.7,6,X,19,354
1.4,4,X,32,202
3.7,6,Z,25,260
2.4,4,X,29,225
5.7,8,X,19,338
3.0,6,Z,26,248
1.4,4,X,39,172
1.6,4,Z,35,186
4.4,8,Z,22,292
3.0,6,X,25,264
2.0,4,X,35,186
3.6,6,X,25,260
2.4,4,X,25,255
4.7,8,Z,24,275
4.0,8,Z,20,329
3.8,6,Z,24,278
3.0,6,D,27,278
2.0,4,Z,32,204
3.0,6,Z,24,282
3.0,6,Z,22,295
3.0,6,D,35,217
2.0,4,Z,29,226
5.3,8,E,15,306
6.2,8,Z,20,329
2.0,4,Z,29,232
2.0,4,X,38,174
2.0,4,X,28,235
3.5,6,X,22,299
3.0,6,Z,25,265
5.6,8,Z,22,300
2.0,4,Z,32,206
3.5,6,X,22,299
4.3,6,X,22,296
3.0,6,Z,22,294
3.6,6,X,24,271
3.6,6,X,21,315
4.7,8,Z,18,370
3.6,6,Z,27,239
2.5,4,X,38,176
2.0,4,Z,30,219
2.4,4,X,29,232
3.5,6,Z,35,190
2.0,4,Z,36,182
1.6,4,X,37,180
3.0,6,Z,24,275
5.2,10,Z,18,370
1.4,4,X,36,186
2.0,4,X,31,212
4.6,8,E,12,368
5.0,8,X,20,326
3.5,6,X,33,198
3.5,6,X,26,252
2.0,4,X,27,246
3.7,6,Z,25,264
5.3,8,X,20,337
2.4,4,X,30,220
2.4,4,X,31,211
3.4,6,Z,27,237
6.4,8,Z,18,363
6.2,8,Z,21,321
1.4,4,X,32,202
4.7,8,Z,18,362
5.2,12,Z,21,322
1.4,4,X,34,194
3.5,6,X,22,298
3.5,6,X,25,262
3.6,6,E,18,268
3.7,6,X,25,259
3.5,6,X,20,336
2.0,4,Z,31,209
2.5,4,Z,26,249
4.7,8,Z,24,274
2.4,4,X,26,255
2.0,4,Z,27,241
3.5,6,X,23,291
3.0,6,Z,25,260
5.0,8,Z,19,356
4.4,8,Z,23,292
1.5,4,X,45,145
3.4,6,Z,27,239
6.2,8,Z,19,339
3.0,6,Z,29,213
3.6,6,X,24,274
6.2,8,Z,19,352
2.0,4,X,28,237
2.0,4,Z,27,237
1.5,3,Z,34,197
3.7,6,Z,25,270
4.6,8,Z,20,322
3.0,6,Z,26,259
2.0,4,X,42,161
2.4,4,X,44,147
3.0,6,Z,26,257
2.3,4,X,27,242
2.0,4,X,38,172
2.0,4,X,25,263
5.2,10,Z,19,338
2.0,4,Z,32,204
2.0,4,X,35,186
2.0,4,X,32,202
3.8,6,Z,27,242
2.0,4,X,31,213
3.4,6,Z,28,232
1.4,4,X,33,199
3.4,6,Z,26,248
2.5,4,X,34,194
3.5,6,Z,26,254
4.0,8,Z,23,291
1.6,4,X,31,209
2.0,4,Z,31,207
2.0,4,Z,30,220
3.7,6,Z,25,269
3.0,6,Z,30,222
4.8,8,Z,22,303
6.2,8,Z,16,413
2.0,4,Z,29,227
3.5,6,X,21,322
5.7,8,X,20,330
1.6,4,Z,37,177
2.0,4,X,31,209
3.0,6,Z,27,245
2.0,4,X,38,174
2.4,4,X,28,235
1.8,4,X,36,179
2.0,4,X,30,224
2.0,4,Z,29,232
3.6,6,X,27,247
3.6,6,X,29,233
1.4,4,X,38,175
5.0,8,Z,22,294
3.0,6,X,24,276
3.6,6,X,26,258
3.7,6,X,23,287
2.0,4,Z,27,237
4.3,6,E,16,288
2.0,4,Z,29,231
5.3,8,X,21,321
3.0,6,D,29,264
2.5,4,X,35,189
4.0,8,Z,23,285
3.6,6,X,22,298
1.5,4,Z,39,167
2.0,4,X,25,263
3.0,6,Z,22,302
6.5,12,Z,14,464
2.0,4,X,31,209
3.6,6,X,24,282
3.0,6,Z,22,295
2.4,4,X,27,247
3.0,6,Z,27,245
2.0,4,X,31,213
4.0,8,Z,21,313
2.3,4,X,29,230
4.4,8,Z,24,270
2.0,4,Z,29,227
2.0,4,X,40,165
2.4,4,E,21,223
6.2,8,Z,19,340
2.0,4,Z,30,221
3.8,8,Z,18,360
2.0,4,Z,28,238
5.7,8,X,18,354
2.0,4,Z,29,221
5.0,8,Z,21,311
3.5,6,Z,26,259
3.6,6,X,27,247
5.7,8,X,20,329
2.0,4,Z,31,215
1.5,4,X,39,170
2.0,4,X,34,191
1.6,4,X,37,177
2.0,4,Z,30,219
6.4,8,Z,20,325
2.0,4,E,27,170
6.5,12,Z,15,454
1.8,4,X,37,175
3.0,6,Z,21,312
3.6,6,X,24,272
3.5,6,Z,27,246
4.0,6,X,21,306
3.0,6,Z,27,240
4.4,8,Z,19,343
5.7,8,X,22,307
3.6,6,E,20,234
3.0,6,Z,30,219
3.0,6,Z,28,238
3.0,6,Z,29,227
1.4,4,X,30,218
2.4,4,X,32,202
3.4,6,Z,28,238
2.0,4,Z,30,214
2.5,4,X,25,265
1.8,4,X,34,192
6.3,12,Z,19,344
2.0,4,X,32,205
5.3,8,E,16,275
3.0,6,Z,29,226
2.0,4,Z,32,207
3.5,6,X,24,274
2.5,4,X,34,192
3.0,6,Z,29,228
3.6,6,X,22,297
1.8,4,X,40,163
2.5,4,X,26,253
3.5,6,Z,28,230
3.3,6,X,24,275
2.0,4,Z,30,220
4.2,8,Z,20,327
2.0,4,Z,29,229
6.0,12,Z,19,346
2.0,4,Z,28,232
5.7,8,X,23,289
3.4,6,Z,25,262
2.0,4,Z,29,225
2.0,4,X,32,207
4.3,6,E,16,294
3.3,6,X,23,296
4.4,8,Z,23,292
2.9,6,Z,23,292
1.2,3,X,46,143
6.2,8,Z,19,340
2.0,4,X,29,228
2.0,4,Z,29,225
2.0,4,Z,29,229
3.0,6,D,29,270
3.8,6,Z,26,251
3.6,6,X,23,285
3.0,6,Z,22,296
3.0,6,Z,21,311
2.4,4,X,34,199
6.2,8,Z,18,368
3.6,6,X,24,276
3.5,6,Z,28,235
3.6,6,E,19,248
3.0,6,Z,23,285
6.2,8,Z,20,332
2.0,4,Z,29,231
3.5,6,X,29,221
2.4,4,X,32,200
1.4,4,X,36,182
1.6,4,X,37,179
2.5,4,X,37,175
1.6,4,X,36,184
6.6,12,Z,18,370
2.0,4,X,28,234
3.5,6,X,24,278
3.0,6,Z,22,296
4.0,8,Z,25,265
3.5,6,Z,37,175
5.2,8,Z,19,341
3.3,6,X,23,289
3.0,6,Z,25,261
2.0,4,X,47,140
1.4,4,X,34,191
2.0,4,Z,29,231
2.4,4,X,30,223
5.5,8,Z,19,357
3.0,6,Z,26,253
1.8,4,X,36,182
2.0,4,E,25,188
1.4,4,X,31,214
3.0,6,Z,24,280
3.5,6,X,34,193
3.0,6,Z,25,260
3.5,6,X,34,195
4.4,8,Z,19,338
2.0,4,D,42,183
2.0,4,Z,29,225
5.3,8,E,16,298
3.6,6,E,18,254
2.0,4,Z,31,212
1.4,4,X,35,188
3.6,6,X,25,260
3.7,6,Z,24,271
3.8,6,Z,26,246
1.4,4,X,36,185
2.0,4,Z,25,262
2.4,4,X,28,235
3.5,6,X,22,298
1.3,4,X,29,230
4.6,8,Z,22,297
2.0,4,X,31,214
3.5,6,X,25,264
2.0,4,X,26,256
2.0,4,Z,31,214
2.5,4,X,35,184
3.3,6,X,24,275
6.5,12,Z,14,461
2.5,4,X,50,131
6.8,8,Z,16,405
2.5,4,X,37,177
4.7,8,Z,24,270
2.5,4,X,48,136
2.0,4,X,32,206
1.8,4,X,34,194
3.6,6,X,25,265
3.6,6,X,23,278
3.6,6,X,24,277
1.5,4,X,41,162
2.0,4,Z,32,205
2.5,4,X,35,187
3.7,6,X,23,281
5.6,8,Z,19,355
3.5,6,E,18,258
2.0,4,Z,31,217
3.6,6,X,25,265
5.2,10,Z,19,347
1.8,4,X,40,166
3.0,6,Z,27,249
2.0,4,Z,29,230
2.5,5,X,29,225
4.0,6,X,21,313
3.0,6,Z,27,246
3.3,6,E,19,248
2.0,4,Z,37,177
1.0,3,X,40,164
5.0,8,Z,19,347
2.5,4,X,32,204
4.6,8,Z,22,297
3.0,6,Z,26,253
5.5,8,Z,23,285
5.3,8,E,16,286
2.0,4,X,33,198
3.4,6,Z,30,218
3.8,6,Z,20,322
5.2,10,Z,18,370
3.5,6,X,24,267
3.5,6,X,25,267
2.4,4,X,25,255
3.0,6,Z,23,285
5.7,8,X,23,289
2.5,4,X,31,210
6.2,8,Z,20,330
4.2,8,Z,20,327
1.6,4,X,35,184
3.0,6,Z,24,279
2.0,4,X,33,199
3.6,6,X,24,275
3.0,6,Z,28,237
1.5,4,X,35,188
2.0,4,X,35,188
3.6,6,X,24,269
2.0,4,Z,31,217
3.0,6,Z,25,255
3.5,6,Z,25,262
2.5,4,X,27,239
3.0,6,Z,22,302
3.6,6,X,26,246
3.5,6,X,27,242
2.5,5,X,29,225
5.0,8,X,21,309
3.7,6,X,23,287
6.0,12,Z,19,356
2.0,4,Z,30,221
2.0,4,Z,31,214
4.8,8,Z,22,294
3.3,6,X,23,296
3.3,6,Z,25,265
2.0,4,X,29,228
2.0,4,Z,24,274
1.5,3,Z,34,195
3.7,6,Z,23,283
2.0,4,X,31,207
3.7,6,Z,26,253
1.5,4,X,38,174
1.6,4,X,28,232
6.0,8,X,15,438
2.5,4,X,31,207
2.5,4,X,37,181
3.6,6,X,25,265
1.0,3,X,38,176
5.3,8,X,21,313
2.5,4,X,27,243
2.5,4,X,35,184
3.6,6,E,19,248
1.8,4,X,32,204
3.0,6,Z,24,277
3.6,6,X,22,294
3.0,6,Z,24,277
2.8,4,D,27,279
3.0,6,Z,26,255
3.5,6,X,31,207
1.5,4,X,38,174
4.0,8,Z,21,315
6.2,8,Z,22,297
6.2,8,Z,19,349
3.6,6,X,27,242
3.8,6,Z,26,253
2.5,4,X,29,229
4.3,6,X,22,296
2.0,4,Z,35,189
2.0,4,X,32,208
3.0,6,Z,26,253
3.5,6,Z,25,262
1.6,4,Z,34,191
2.7,6,X,23,284
1.5,4,X,38,173
2.0,4,Z,26,258
2.5,4,Z,22,296
1.4,4,X,32,202
2.4,4,X,35,190
2.0,4,Z,32,200
3.0,6,Z,27,244
6.2,8,Z,20,325
3.0,6,Z,26,253
2.9,6,Z,26,255
2.0,4,Z,31,207
3.6,6,X,26,259
3.8,6,Z,24,274
2.0,4,Z,35,188
2.0,4,Z,29,231
3.6,6,E,19,239
5.2,10,Z,20,331
3.0,6,Z,22,305
1.6,4,Z,33,196
3.0,6,Z,27,242
4.4,8,Z,23,292
5.3,8,X,21,310
3.0,6,Z,26,257
3.0,6,D,28,272
2.0,4,Z,27,241
6.5,12,Z,14,464
2.0,4,E,22,209
3.7,6,Z,25,270
2.0,4,Z,26,246
3.5,6,X,34,191
3.5,6,E,17,270
5.0,8,X,19,340
3.6,6,X,23,285
2.4,4,X,25,260
2.5,4,Z,27,249
3.6,6,X,27,242
5.0,8,X,22,307
3.5,6,X,26,248
2.5,4,X,53,124
2.0,4,Z,29,227
1.5,4,X,36,181
3.0,6,Z,29,226
2.0,4,Z,34,197
2.0,4,X,36,179
4.3,6,X,21,318
3.0,6,Z,27,247
2.7,6,Z,31,217
4.4,8,Z,19,338
1.6,4,X,34,197
1.6,4,X,34,200
2.0,4,D,41,180
2.0,4,Z,31,215
5.0,8,Z,23,293
1.5,4,X,39,167
5.2,10,Z,16,409
4.0,8,Z,19,353
3.0,6,Z,31,210
2.0,4,Z,31,210
3.5,6,X,29,232
3.6,6,X,26,251
3.6,6,X,23,288
1.8,4,X,38,172
2.0,4,X,34,191
1.0,3,X,43,152
1.4,4,X,39,168
1.8,4,X,37,178
3.8,6,Z,24,277
5.0,8,X,21,306
3.0,6,Z,28,235
1.6,4,X,42,161
3.0,6,Z,24,280
2.4,4,X,29,230
2.5,4,X,29,221
3.8,6,X,23,287
3.6,6,X,26,258
2.5,4,X,32,208
3.6,6,X,25,260
3.0,6,Z,23,286
5.2,10,Z,18,370
3.6,6,X,21,314
5.3,8,E,14,334
1.5,4,X,34,195
2.0,4,X,37,178
2.5,4,X,35,188
3.0,6,Z,24,277
1.8,4,X,37,177
6.2,8,Z,20,323
3.0,6,Z,26,254
2.4,4,X,30,218
3.6,6,X,27,246
2.0,4,X,33,196
2.0,4,Z,27,248
2.5,4,X,34,189
3.0,6,Z,26,251
2.0,4,X,40,165
2.0,4,Z,29,232
3.0,6,Z,25,264
2.0,4,X,31,211
3.0,6,Z,25,270
3.5,6,X,22,295
3.0,6,Z,25,260
2.0,4,Z,29,230
1.8,4,X,33,199
2.0,4,X,30,214
6.0,8,E,11,411
2.0,4,Z,29,230
1.8,4,X,37,180
4.4,8,Z,19,343
2.5,4,Z,29,230
2.0,4,Z,27,248
3.0,6,Z,29,230
1.8,4,X,35,190
3.0,6,Z,27,245
2.0,4,X,40,167
3.6,6,X,24,274
5.3,8,X,22,292
4.0,8,Z,19,339
2.0,4,Z,28,235
5.3,8,X,21,310
3.0,6,Z,24,272
2.0,4,X,35,186
1.4,4,X,40,163
2.7,6,Z,29,228
3.5,6,X,21,314
3.6,6,Z,22,290
1.6,4,Z,34,197
3.5,6,X,25,264
3.0,6,Z,24,273
2.5,4,X,25,265
3.6,6,X,27,237
1.4,4,X,34,194
1.5,4,X,35,186
3.6,6,X,28,234
2.0,4,Z,27,248
1.8,4,X,35,184
1.6,4,Z,33,196
2.0,4,Z,33,204
6.2,8,Z,19,339
1.5,4,X,40,165
2.0,4,X,28,240
5.0,8,Z,21,313
2.0,4,Z,32,209
2.7,6,X,27,249
1.8,4,X,36,182
3.5,6,Z,35,189
2.5,4,X,32,204
2.5,4,X,36,185
3.0,6,Z,29,232
3.0,6,Z,23,285
2.5,6,Z,29,221
2.3,4,X,25,269
3.5,6,Z,26,257
3.0,6,Z,27,242
2.0,4,X,30,220
6.2,8,Z,22,299
2.0,4,Z,28,230
2.5,4,X,27,248
6.0,12,Z,17,379
6.6,12,Z,17,390
5.3,8,X,21,312
3.0,6,Z,27,245
3.0,6,Z,27,242
5.3,8,X,21,312
6.0,12,Z,18,356
2.0,4,X,33,200
4.4,8,Z,23,283
2.0,4,Z,27,240
3.0,6,Z,29,225
3.6,6,X,23,290
2.0,4,Z,33,200
1.5,4,X,38,174
3.0,6,Z,25,262
1.8,4,X,32,202
4.7,8,Z,18,352
1.5,4,X,43,155
2.7,6,X,23,284
5.3,8,X,22,298
2.5,4,X,30,217
4.4,8,Z,21,315
3.8,6,Z,25,255
2.4,4,X,26,246
1.5,4,X,43,155
3.5,6,X,27,251
3.5,6,Z,27,244
3.7,6,Z,25,271
6.0,12,Z,18,364
3.7,6,X,25,260
2.0,4,Z,32,208
2.4,4,X,29,225
6.6,12,Z,17,397
3.5,6,X,25,266
3.0,6,Z,26,253
3.7,6,Z,24,279
2.0,4,Z,29,232
3.6,6,X,24,271
2.0,4,Z,28,239
1.8,4,X,36,182
2.5,5,X,30,216
2.0,4,Z,29,229
2.0,4,X,30,226
1.4,4,X,38,173
3.0,6,Z,24,276
3.5,6,X,24,281
2.4,4,X,30,220
1.5,4,X,42,164
3.0,6,Z,22,302
3.4,6,Z,26,246
3.0,6,Z,25,263
2.0,4,Z,33,198
3.0,6,Z,31,212
2.0,4,Z,30,222
3.0,6,Z,29,228
5.7,8,X,17,385
3.8,6,Z,25,262
3.6,6,X,28,237
4.0,8,Z,24,273
3.6,6,Z,22,296
2.4,4,X,29,228
1.6,4,X,64,103
5.3,8,E,14,325
2.0,4,X,33,196
2.0,4,Z,34,195
3.3,6,Z,24,284
2.0,4,Z,34,193
1.5,4,X,35,188
3.5,6,Z,29,229
2.5,4,X,33,196
2.0,4,X,33,198
5.3,8,X,22,298
3.3,6,X,25,269
3.3,6,X,24,273
4.4,8,Z,20,324
2.0,4,X,39,168
2.0,4,X,33,200
3.7,6,Z,24,271
3.6,6,E,19,248
3.6,6,X,24,277
1.5,3,Z,31,214
3.6,6,X,24,274
2.4,4,X,45,145
2.0,4,Z,30,220
3.0,6,Z,26,253
2.0,4,X,47,143
4.7,8,Z,19,347
2.5,4,X,23,285
8.0,16,Z,13,522
4.0,8,Z,25,261
2.4,4,X,28,231
3.6,6,E,20,234
3.0,6,Z,21,311
6.8,8,Z,15,430
4.6,8,Z,20,320
3.0,6,X,25,258
1.6,4,D,38,198
5.2,10,Z,18,366
3.5,6,X,28,240
5.7,8,X,19,346
1.5,4,X,39,168
5.0,8,E,16,280
2.0,4,X,38,172
2.0,4,Z,30,218
4.4,8,Z,22,294
3.6,6,X,25,265
2.5,4,X,26,252
4.0,8,Z,21,313
2.0,4,X,31,209
4.3,6,X,21,317
3.3,6,X,23,295
3.3,6,Z,24,279
1.5,4,X,33,201
4.0,6,X,22,298
2.0,4,X,48,138
3.5,6,X,29,226
3.5,6,Z,38,176
5.3,8,E,15,294
4.4,8,Z,23,290
4.0,8,Z,24,269
3.6,6,X,24,279
3.5,6,X,33,196
3.5,6,X,29,232
2.5,4,X,49,136
1.6,4,Z,35,186
2.0,4,Z,32,208
1.6,4,X,40,164
5.0,8,Z,18,354
2.0,4,Z,29,226
3.7,6,Z,25,269
2.0,4,Z,30,220
3.0,6,Z,22,297
5.7,8,X,17,384
2.4,4,X,29,225
2.0,4,X,33,198
2.4,4,X,25,259
1.6,4,X,39,169
3.5,6,Z,34,189
2.0,4,Z,29,228
2.0,4,Z,33,201
2.0,4,X,34,198
3.6,6,Z,23,286
5.6,8,X,20,331
5.3,8,X,22,304
1.6,4,X,30,221
5.0,8,Z,21,313
6.6,12,Z,17,400
3.0,6,X,25,258
3.5,6,X,26,251
2.0,4,Z,31,207
3.0,6,Z,25,260
1.5,4,Z,38,173
3.7,6,X,25,271
6.2,8,Z,24,269
5.3,8,X,21,314
3.7,6,Z,24,269
5.0,8,X,20,334
2.5,4,X,27,242
2.0,4,X,31,207
2.5,4,X,30,216
3.0,6,Z,26,253
5.7,8,X,22,294
6.2,8,Z,20,317
4.0,6,X,22,301
5.0,8,E,14,315
2.5,4,X,37,176
3.6,6,Z,25,268
3.0,6,Z,27,237
4.7,8,Z,19,350
2.0,4,Z,31,212
5.3,8,X,21,314
2.0,4,X,31,211
1.8,4,X,34,198
1.6,4,X,66,102
2.7,4,X,25,263
2.0,4,Z,31,215
3.0,6,Z,25,265
3.6,6,X,27,237
2.0,4,X,34,189
3.5,6,Z,26,254
3.8,6,Z,25,266
3.5,6,X,26,253
2.0,4,X,33,198
2.0,4,X,31,214
5.3,8,X,21,312
3.6,6,X,24,277
2.0,4,Z,28,235
3.0,6,D,30,256
5.3,8,E,15,317
1.2,3,X,48,139
1.8,4,X,37,180
1.8,4,X,39,170
3.0,6,Z,23,287
3.0,6,Z,25,263
5.3,8,X,21,310
5.3,8,E,16,288
3.0,6,Z,25,262
2.0,4,Z,34,193
1.6,4,Z,34,191
1.4,4,X,42,159
4.0,8,Z,21,313
2.5,4,X,29,226
1.6,4,Z,36,179
3.3,6,X,25,255
2.0,4,Z,29,231
4.8,8,Z,22,300
3.8,6,Z,27,250
2.5,4,X,29,229
4.4,8,Z,20,317
4.7,8,Z,19,343
1.8,4,X,37,177
3.0,6,Z,28,239
4.0,8,Z,25,261
2.0,4,Z,29,227
3.0,6,Z,29,231
2.5,4,X,30,224
2.8,4,D,27,283
4.8,8,Z,22,292
1.8,4,X,34,191
4.7,8,Z,24,269
4.4,8,Z,23,283
2.0,4,X,38,176
2.0,4,X,27,244
3.6,6,X,25,262
5.5,8,Z,21,313
3.6,6,E,20,229
3.0,6,Z,27,245
5.3,8,E,16,285
2.8,4,D,24,315
2.0,4,Z,31,207
2.0,4,X,28,240
2.0,4,X,30,220
4.4,8,Z,19,344
3.3,6,X,25,265
3.5,6,X,22,296
5.3,8,E,12,362
5.3,8,X,20,329
3.6,6,X,25,264
3.5,6,X,20,327
1.8,4,X,29,225
3.6,6,X,23,278
2.0,4,X,33,201
5.3,8,E,15,322
2.0,4,X,28,238
5.3,8,X,22,307
6.7,12,Z,17,393
3.7,6,Z,25,270
2.0,4,Z,35,184
3.0,6,Z,27,246
3.6,6,X,24,276
2.0,4,X,50,132
1.6,4,X,33,201
3.8,6,Z,24,274
3.6,6,X,25,269
2.4,4,X,31,218
3.0,6,Z,24,273
3.5,6,X,22,303
1.8,4,X,35,187
1.4,4,X,32,204
3.5,6,Z,26,258
3.5,6,Z,28,232
5.5,8,Z,23,298
4.0,8,Z,25,265
3.7,6,Z,25,255
2.0,4,X,34,198
3.3,6,X,26,254
2.0,4,Z,31,210
1.6,4,X,35,189
5.0,8,E,16,288
3.3,6,X,29,225
3.4,6,Z,29,230
2.0,4,X,29,233
2.0,4,Z,27,242
3.5,6,E,17,269
2.0,4,Z,30,218
1.5,3,Z,39,166
6.6,12,Z,19,355
5.3,8,X,22,298
2.3,4,X,29,230
3.6,6,Z,23,286
2.5,4,X,27,242
2.3,4,X,26,256
2.0,4,Z,32,204
5.3,8,X,21,321
2.5,4,X,25,265
5.2,10,Z,17,377
2.0,4,Z,30,222
2.8,4,D,28,270
2.0,4,D,41,186
2.0,4,X,31,214
2.4,4,X,31,211
2.0,4,D,36,213
2.0,4,X,37,181
4.4,8,Z,21,318
3.0,6,Z,30,217
4.0,8,Z,25,261
4.7,8,Z,24,280
2.0,4,Z,30,222
3.5,6,X,28,240
3.7,6,E,16,288
3.7,6,Z,23,283
3.6,6,X,27,249
1.5,4,X,39,171
2.7,6,X,25,260
1.6,4,Z,34,193
2.0,4,X,27,245
0.9,3,Z,41,157
3.0,6,Z,25,264
8.0,16,Z,13,522
4.7,8,Z,20,327
5.5,8,Z,22,301
3.6,6,X,26,257
3.0,6,Z,25,267
6.2,8,Z,19,339
3.0,6,Z,22,295
1.5,4,X,42,155
3.5,6,X,31,211
3.6,6,E,17,259
2.0,4,Z,34,197
2.0,4,X,30,219
1.8,4,X,35,187
5.0,8,Z,25,264
5.3,8,X,22,298
4.0,8,Z,21,315
6.2,8,Z,20,323
3.5,6,Z,34,196
2.4,4,X,30,219
6.0,12,Z,19,356
2.0,4,X,35,189
5.3,8,E,15,305
1.6,4,D,38,199
3.0,6,Z,30,221
3.0,6,Z,24,273
6.2,8,Z,17,382
1.8,4,Z,34,197
1.8,4,X,38,174
4.0,8,Z,20,321
2.0,4,Z,27,247
3.0,6,Z,20,330
3.5,6,X,23,291
5.0,8,X,19,347
2.0,4,Z,31,213
4.7,8,Z,18,354
2.0,4,E,26,182
2.0,4,Z,25,256
6.0,12,Z,19,350
2.4,4,X,30,219
3.6,6,X,23,286
2.0,4,D,41,185
1.4,4,X,35,184
2.0,4,Z,32,205
3.8,6,Z,25,260
6.2,8,E,13,354
2.0,4,Z,36,186
2.5,4,X,26,253
2.0,4,X,40,161
1.6,4,X,34,192
4.7,8,Z,19,347
2.4,4,X,28,235
3.6,6,Z,22,311
3.6,6,X,26,253
5.0,8,E,16,300
2.0,4,Z,34,197
2.0,4,Z,31,209
4.4,8,Z,22,294
6.0,8,E,11,414
6.2,8,Z,20,329
1.6,4,X,30,216
1.8,4,X,55,121
5.3,8,X,23,286
5.0,8,Z,22,294
1.8,4,X,33,196
5.6,8,Z,22,301
3.5,6,E,20,224
2.4,4,X,33,198
1.5,4,X,43,153
1.5,4,X,33,202
2.9,6,Z,25,261
3.0,6,Z,28,237
3.0,6,D,34,224
2.4,4,X,29,230
4.7,8,Z,25,270
3.6,6,X,22,300
3.0,6,Z,29,221
3.4,6,Z,25,255
6.2,8,Z,17,382
1.5,4,Z,38,173
2.0,4,X,29,225
4.7,8,Z,23,278
3.6,6,X,25,263
2.0,4,Z,32,204
3.5,6,Z,26,248
4.7,8,Z,19,357
2.8,4,D,30,255
5.0,8,E,16,288
2.0,4,X,36,186
1.0,3,Z,43,150
1.6,4,Z,32,200
2.0,4,Z,29,227
3.5,6,E,18,258
2.0,4,Z,30,221
2.0,4,X,29,225
2.0,4,X,47,138
1.8,4,Z,34,197
2.4,4,X,33,202
1.8,4,Z,30,216
2.5,4,X,47,138
2.0,4,Z,31,210
2.4,4,X,30,221
4.0,8,Z,21,315
3.5,6,X,31,213
1.6,4,X,36,181
2.5,4,X,26,248
2.0,4,X,28,233
2.5,4,X,47,138
2.0,4,E,26,174
2.4,4,X,30,218
6.2,8,Z,19,339
4.4,8,Z,23,283
3.6,6,X,26,257
5.0,8,X,22,297
4.7,8,Z,18,356
2.4,4,X,28,241
2.0,4,X,34,197
3.3,6,X,28,237
2.4,4,X,34,198
2.0,4,Z,27,237
1.6,4,D,38,199
2.0,4,Z,34,197
2.0,4,Z,29,228
3.8,6,Z,25,266
3.5,6,X,23,294
3.0,6,Z,25,270
3.6,6,E,18,263
1.8,4,Z,34,197
2.0,4,Z,33,200
3.6,6,X,27,240
3.5,6,X,26,257
3.0,6,Z,29,225
2.0,4,Z,27,240
3.0,6,Z,23,281
2.4,4,Z,32,209
4.0,6,Z,20,334
1.4,4,X,38,172
1.5,4,X,42,158
4.7,8,Z,18,362
4.4,8,Z,21,321
3.3,6,E,18,263
2.0,4,Z,29,224
3.5,6,X,22,298
6.0,12,Z,19,359
3.5,6,X,26,246
3.0,6,D,26,287
2.3,4,X,27,242
3.5,6,X,24,271
3.5,6,X,24,278
1.6,4,Z,35,186
1.5,4,X,38,189
3.6,6,X,21,313
1.4,4,X,35,186
3.7,6,Z,24,269
2.5,4,X,34,190
3.6,6,X,22,290
2.7,6,X,24,281
3.6,6,E,21,218
5.0,8,X,20,330
2.0,4,X,30,218
2.0,4,X,34,192
1.8,4,X,34,195
3.0,6,Z,24,269
4.0,8,Z,22,300
3.5,6,X,24,274
2.0,4,X,50,132
2.5,4,X,35,187
4.3,6,E,16,285
5.7,8,X,23,289
2.0,4,Z,29,221
2.7,6,X,25,270
4.3,6,E,17,274
5.3,8,E,16,298
2.4,4,X,27,237
4.0,8,Z,26,249
5.2,10,Z,16,400
3.0,6,Z,21,324
2.0,4,X,31,216
4.3,6,X,23,294
2.5,4,X,27,242
3.0,6,Z,24,273
3.2,6,X,22,294
2.4,4,X,30,218
3.0,6,Z,29,232
2.5,4,E,21,219
4.7,8,Z,19,338
2.0,4,X,35,189
2.0,4,Z,29,228
6.7,12,Z,17,393
3.5,6,Z,25,258
3.3,6,X,23,291
1.4,4,X,35,187
5.7,8,X,18,360
5.3,8,E,14,326
2.0,4,Z,29,226
2.0,4,Z,29,226
5.7,8,X,20,325
5.3,8,X,19,344
2.4,4,X,29,225
3.2,6,X,25,259
1.5,4,X,55,120
4.7,8,Z,19,358
2.4,4,X,34,194
5.3,8,E,16,298
5.3,8,X,22,303
4.0,6,X,22,297
2.5,4,X,29,221
3.6,6,X,23,278
2.5,4,X,38,173
4.0,8,Z,24,274
6.2,8,Z,20,332
3.5,6,X,27,240
3.6,6,X,24,276
5.3,8,X,21,316
5.3,8,X,22,305
6.4,8,Z,20,320
5.3,8,E,15,294
1.4,4,X,38,174
1.8,4,X,34,193
3.6,6,X,25,261
2.0,4,Z,30,220
3.0,6,Z,22,296
2.5,4,X,33,201
3.6,6,X,27,248
3.6,6,X,24,280
5.0,8,X,20,324
6.2,8,Z,20,329
2.0,4,X,33,196
4.0,8,Z,17,396
1.4,4,X,32,211
3.6,6,E,17,269
2.8,4,D,24,315
2.8,4,D,28,270
3.5,6,Z,27,244
5.7,8,X,21,312
1.6,4,Z,31,207
4.0,8,Z,24,275
6.5,12,Z,14,461
2.4,4,X,32,207
2.7,6,X,24,275
5.0,8,Z,22,290
2.0,4,Z,26,248
3.0,6,Z,28,238
2.0,4,Z,26,258
2.0,4,X,35,189
2.0,4,X,31,207
1.6,4,X,29,221
2.5,4,X,30,220
6.0,12,Z,17,388
2.0,4,Z,27,245
3.6,6,Z,22,302
1.6,4,Z,37,177
3.5,6,Z,26,252
1.4,4,X,35,184
2.0,4,X,32,210
2.4,4,X,30,220
2.0,4,Z,31,210
2.5,4,X,30,224
3.0,6,Z,27,241
3.5,6,X,31,209
1.8,4,Z,34,197
3.0,6,Z,29,230
1.4,4,X,32,203
3.7,6,Z,25,255
3.5,6,X,23,290
1.2,3,X,43,153
2.0,4,Z,32,203
3.6,6,X,23,285
2.5,4,X,39,166
2.0,4,Z,31,211
4.6,8,X,19,347
2.3,4,X,26,252
3.2,6,X,25,264
3.8,6,Z,25,262
3.5,6,Z,38,176
3.5,6,X,26,250
3.0,6,Z,26,253
3.0,6,Z,26,255
2.0,4,X,36,181
6.2,8,Z,17,380
4.0,8,Z,25,263
5.0,8,Z,19,347
2.4,4,X,30,223
6.0,12,Z,19,340
2.5,4,X,31,208
3.5,6,X,26,259
2.0,4,Z,29,229
1.0,3,X,39,171
5.2,10,Z,18,370
2.0,4,Z,31,210
3.3,6,X,24,267
2.0,4,X,33,196
4.6,8,X,17,373
2.0,4,X,35,186
4.3,6,X,24,279
3.5,6,X,30,222
3.0,6,Z,27,237
3.6,6,X,27,242
5.3,8,X,22,292
6.4,8,Z,20,325
2.3,4,X,25,266
6.2,8,Z,20,325
3.6,6,X,20,331
2.5,4,X,29,228
2.0,4,Z,27,242
2.0,4,Z,25,255
3.5,6,X,22,298
2.0,4,Z,29,225
3.2,6,X,26,248
4.3,6,X,19,349
2.5,4,X,31,208
2.4,4,X,29,223
3.6,6,E,17,274
3.0,6,D,26,289
2.0,4,X,50,131
3.0,6,Z,22,302
3.0,6,Z,29,227
3.5,6,X,22,294
3.0,6,Z,28,232
3.5,6,X,19,340
3.0,6,Z,26,253
3.5,6,X,23,293
2.7,6,X,26,256
1.4,4,X,34,192
2.5,4,X,34,196
5.3,8,X,24,278
5.3,8,X,20,337
3.6,6,X,24,271
3.6,6,X,25,263
2.0,4,Z,32,207
2.0,4,Z,35,191
3.0,6,Z,29,221
5.0,8,Z,21,312
3.6,6,X,23,278
3.0,6,Z,19,339
2.0,4,Z,28,233
5.3,8,X,22,305
3.4,6,Z,26,253
3.0,6,Z,28,238
2.5,4,X,27,243
2.4,4,X,31,214
2.5,4,X,37,175
2.4,4,X,30,216
2.4,4,X,31,209
3.0,6,Z,27,237
2.7,6,Z,31,212
3.5,6,X,25,263
2.0,4,X,30,218
3.4,6,Z,27,239
2.0,4,X,31,209
4.0,6,X,22,300
4.0,8,Z,25,261
5.6,8,X,16,396
3.6,6,X,25,258
2.0,4,D,33,229
3.0,6,Z,26,254
2.0,4,X,29,231
3.8,6,Z,26,248
8.4,10,Z,18,363
3.0,6,Z,26,253
3.6,6,X,24,274
1.0,3,X,34,195
3.3,6,X,25,269
2.0,4,Z,30,216
2.8,4,D,27,277
2.0,4,D,40,189
2.0,4,X,31,216
1.8,4,X,34,195
2.0,4,X,35,188
1.6,4,X,33,199
3.0,6,Z,24,280
4.0,8,Z,22,306
4.0,6,X,22,294
3.8,6,Z,27,244
5.6,8,Z,19,345
2.0,4,X,27,237
2.0,4,Z,35,189
2.0,4,X,37,178
2.0,4,Z,34,189
3.5,6,E,19,254
2.0,4,Z,29,226
6.2,8,Z,18,359
2.0,4,X,35,189
3.5,6,X,29,221
3.5,6,X,31,210
4.4,8,Z,22,302
3.7,6,Z,26,253
3.0,6,Z,25,263
4.0,6,Z,19,350
1.4,4,Z,53,122
3.8,6,Z,22,297
3.5,6,X,26,250
3.5,6,X,23,278
3.8,6,Z,24,274
2.0,4,Z,30,220
6.2,8,Z,20,329
2.0,4,Z,34,195
3.5,6,X,27,247
2.0,4,Z,29,228
6.2,8,Z,18,354
1.8,4,X,33,196
4.8,8,X,16,416
1.6,4,D,43,175
6.2,8,Z,17,377
3.6,6,X,25,265
6.2,8,Z,19,352
3.0,6,Z,23,285
3.3,6,Z,24,280
3.0,6,Z,26,249
2.4,4,X,32,205
4.4,8,Z,22,294
2.0,4,Z,28,239
5.3,8,X,20,336
6.4,8,Z,20,325
4.0,6,X,20,327
5.5,8,Z,19,363
3.5,6,Z,27,244
4.2,8,Z,22,297
2.0,4,X,36,181
2.0,4,X,30,219
3.0,6,Z,27,242
3.6,6,Z,25,268
2.0,4,Z,36,183
2.5,4,X,36,183
1.8,4,X,34,196
5.2,8,Z,19,341
6.6,12,Z,17,387
2.7,6,X,25,263
6.4,8,Z,18,370
6.4,8,Z,18,363
6.7,12,Z,17,382
3.5,6,X,21,310
3.6,6,X,27,242
5.3,8,X,22,307
3.5,6,X,27,242
2.3,4,X,28,234
1.5,4,X,58,114
1.5,4,X,29,226
3.5,6,Z,29,221
2.5,4,X,47,141
3.6,6,X,28,235
4.3,6,E,16,301
2.7,6,Z,31,212
5.3,8,X,20,325
4.8,8,X,16,419
2.7,4,X,28,230
2.0,4,Z,23,288
2.0,4,Z,34,197
3.6,6,E,20,222
2.0,4,Z,26,246
3.0,6,Z,22,301
4.2,8,Z,17,382
2.4,4,X,29,230
2.5,4,X,38,170
3.5,6,X,23,283
3.7,6,X,19,356
6.2,8,Z,24,273
2.0,4,D,38,198
4.0,8,Z,25,265
2.0,4,Z,31,215
2.0,4,X,38,174
6.4,8,Z,20,317
2.5,4,X,26,252
3.0,6,Z,28,238
4.0,6,Z,19,352
1.4,4,X,42,160
1.8,4,X,34,193
3.6,6,Z,24,277
2.5,4,X,37,181
2.5,4,X,48,139
3.6,6,X,23,278
3.0,6,Z,22,302
3.6,6,X,26,257
3.0,6,D,29,266
2.0,4,Z,29,224
6.0,8,X,15,432
6.2,8,Z,19,339
3.6,6,X,23,283
2.5,4,E,20,234
5.4,8,X,18,368
2.0,4,X,28,239
1.5,4,X,37,177
1.4,4,X,34,195
2.0,4,Z,30,214
2.0,4,Z,29,221
5.0,8,E,16,280
2.5,4,X,32,205
5.7,8,X,20,328
2.0,4,X,31,214
3.6,6,X,28,235
3.2,6,X,25,259
1.4,4,X,42,157
5.3,8,X,22,307
3.0,6,Z,24,271
5.3,8,X,22,299
1.6,4,Z,34,195
2.0,4,E,24,128
2.0,4,X,32,205
3.5,6,X,19,339
3.6,6,E,20,230
2.5,4,X,25,266
3.5,6,X,25,268
5.3,8,E,17,284
1.5,3,Z,38,175
2.7,6,X,26,256
3.6,6,X,22,290
3.0,6,Z,26,256
3.0,6,Z,24,276
2.4,4,X,25,255
2.0,4,Z,30,221
2.0,4,X,29,229
2.0,4,X,40,164
3.8,6,X,27,250
2.5,4,X,26,253
3.6,6,Z,24,279
2.7,6,X,26,253
3.0,6,Z,26,252
2.0,4,Z,30,219
1.4,4,X,36,183
6.0,12,Z,20,332
5.7,8,X,17,384
3.0,6,Z,28,234
3.0,6,X,23,288
3.8,8,Z,21,321
3.7,6,X,23,281
3.5,6,X,21,311
3.5,6,X,24,280
3.6,6,E,18,268
2.0,4,Z,28,233
2.0,4,X,33,199
2.0,4,X,29,225
2.0,4,Z,29,232
4.0,8,Z,23,291
2.0,4,Z,31,214
1.8,4,X,37,178
3.0,6,Z,29,232
2.4,4,X,27,244
1.6,4,X,37,177
2.3,4,X,27,243
2.0,4,X,31,212
3.3,6,X,25,268
3.0,6,Z,27,245
5.5,8,Z,26,246
2.7,6,X,24,277
2.0,4,X,32,204
5.0,8,Z,19,338
3.0,6,Z,26,235
2.0,4,X,32,202
3.5,6,X,22,292
5.3,8,X,22,305
3.8,6,Z,25,267
3.7,6,X,23,283
4.3,6,X,20,329
4.7,8,Z,18,362
2.0,4,Z,33,200
2.4,4,X,28,230
3.0,6,Z,19,339
2.0,4,X,29,230
3.6,6,X,24,267
2.0,4,Z,26,250
1.5,4,X,37,180
2.5,4,X,25,267
1.6,4,X,30,214
1.6,4,X,35,188
3.0,6,Z,26,253
3.0,6,Z,25,255
5.5,8,Z,23,291
2.3,4,Z,26,256
2.0,4,Z,34,197
1.6,4,X,32,208
3.0,6,Z,23,284
4.8,8,Z,22,294
4.7,8,Z,24,276
2.0,4,X,31,213
5.3,8,X,22,305
2.0,4,Z,31,215
3.6,6,X,27,249
2.0,4,X,26,256
3.0,6,Z,25,263
3.2,6,X,26,248
3.5,6,X,24,274
6.2,8,Z,20,325
1.5,4,X,32,203
1.8,4,X,34,192
3.6,6,E,17,264
2.0,4,Z,31,215
3.5,6,X,26,251
2.5,4,X,27,247
2.0,4,X,39,166
3.5,6,Z,17,393
2.5,4,X,29,232
1.6,4,Z,34,193
3.6,6,E,20,230
1.4,4,X,39,173
2.0,4,Z,29,223
5.3,8,X,22,304
3.5,6,X,27,244
1.6,4,X,33,204
2.0,4,Z,32,202
2.0,4,Z,32,209
3.5,6,Z,26,261
1.4,4,X,34,196
3.5,6,X,23,294
2.0,4,X,27,242
1.6,4,Z,32,200
2.0,4,Z,32,209
4.7,8,Z,24,278
5.7,8,X,20,328
3.0,6,Z,27,245
2.5,4,X,29,225
2.0,4,X,29,233
3.0,6,Z,30,227
3.5,6,X,27,237
1.6,4,X,37,175
3.0,6,Z,29,234
2.0,4,X,34,193
3.0,6,Z,27,243
4.3,6,E,16,301
6.4,8,Z,20,325
2.4,4,E,23,206
2.0,4,X,30,220
2.0,4,X,27,239
3.0,6,Z,28,235
2.0,4,Z,30,219
1.6,4,X,30,221
3.5,6,X,22,299
3.6,6,X,27,242
2.0,4,X,27,241
3.5,6,X,23,288
2.4,4,X,31,212
3.0,6,Z,23,282
1.8,4,X,55,122
3.6,6,X,21,313
1.4,4,X,36,185
2.0,4,X,28,233
3.6,6,X,24,276
3.6,6,X,25,262
3.7,6,X,23,287
4.4,8,Z,20,322
3.0,6,Z,25,264
3.5,6,X,30,220
3.8,6,Z,25,262
3.5,6,X,29,230
4.8,8,Z,20,326
3.3,6,X,24,273
2.0,4,Z,32,209
3.0,6,Z,24,280
1.4,4,X,38,174
5.2,8,Z,19,341
2.5,4,X,32,206
4.6,8,Z,20,320
2.4,4,X,28,230
1.5,3,Z,39,170
4.4,8,Z,21,314
3.6,6,X,25,260
3.5,6,E,18,256
3.7,6,X,19,340
3.0,6,Z,27,237
3.6,6,X,29,228
2.5,4,Z,29,230
2.0,4,X,37,180
5.3,8,E,15,309
2.0,4,Z,29,231
1.6,4,Z,35,184
3.6,6,X,27,237
3.6,6,X,27,237
2.0,4,Z,31,212
3.7,6,Z,22,294
5.7,8,Z,17,395
3.5,6,X,22,294
3.8,6,Z,26,248
5.3,8,X,21,310
3.0,6,Z,22,299
2.0,4,Z,32,205
3.0,6,D,26,289
2.0,4,X,50,133
4.6,8,X,20,329
5.3,8,E,17,270
2.5,4,X,23,283
2.0,4,X,45,145
5.0,8,Z,21,312
3.0,6,Z,23,286
4.0,6,X,21,315
1.5,4,X,42,157
2.9,6,Z,24,280
2.0,4,X,34,198
2.5,4,X,34,193
6.2,8,Z,18,359
3.0,6,Z,24,273
2.0,4,X,30,224
3.6,6,X,27,240
2.0,4,Z,33,198
3.6,6,E,19,248
4.0,6,X,22,292
3.5,6,Z,26,253
3.5,6,X,23,291
1.6,4,Z,32,204
1.6,4,X,37,178
1.5,4,X,39,170
1.6,4,X,34,198
3.7,6,X,23,287
4.0,8,Z,24,268
2.0,4,X,33,201
1.8,4,X,33,198
1.6,4,Z,32,202
2.0,4,E,25,187
1.8,4,X,30,220
4.3,6,X,24,271
4.0,8,Z,21,313
2.0,4,X,26,250
2.0,4,Z,30,223
2.0,4,Z,30,216
3.0,6,Z,29,227
1.4,4,X,31,214
6.0,12,Z,18,361
2.5,4,X,25,267
5.3,8,X,21,314
3.6,6,X,24,275
3.3,6,X,28,237
3.0,6,D,29,270
3.0,6,Z,19,339
2.0,4,Z,30,246
3.8,6,Z,25,267
1.5,4,X,60,111
2.0,4,Z,28,232
2.4,4,X,29,225
1.6,4,X,37,176
2.0,4,X,34,194
5.0,8,E,16,280
3.5,6,X,22,308
3.5,6,X,22,296
4.3,6,E,16,285
6.0,12,Z,17,389
3.0,6,Z,26,256
2.0,4,X,35,184
1.4,4,X,30,216
5.3,8,X,20,317
5.0,8,Z,21,311
5.3,8,E,16,298
2.4,4,X,28,230
2.0,4,X,30,214
5.7,8,X,23,289
2.4,4,X,28,235
1.4,4,X,32,200
3.0,6,Z,28,236
3.3,6,X,25,264
1.6,4,D,42,180
3.5,6,E,17,271
4.0,6,X,20,321
3.0,6,Z,25,264
2.5,4,X,26,248
2.0,4,X,27,248
2.0,4,X,31,213
2.0,4,X,30,219
2.0,4,Z,29,231
2.5,6,Z,27,239
6.7,12,Z,17,386
2.0,4,Z,35,187
3.3,6,Z,24,279
2.4,4,X,30,222
6.2,8,Z,19,343
2.0,4,X,28,235
2.4,4,X,32,205
1.4,4,X,31,214
3.5,6,X,23,293
2.0,4,D,40,184
5.2,10,Z,18,370
2.3,4,X,30,221
2.0,4,X,29,228
3.0,6,Z,26,251
3.6,6,X,25,265
2.0,4,X,29,225
1.6,4,X,37,182
5.0,8,E,16,294
1.8,4,X,37,175
2.0,4,X,32,202
3.6,6,X,27,240
4.3,6,X,24,280
6.7,12,Z,17,387
3.0,6,Z,27,247
2.0,4,X,34,191
3.5,6,Z,29,227
4.4,8,Z,19,344
2.7,4,X,24,275
1.4,4,X,39,171
2.4,4,X,28,235
1.6,4,X,38,175
3.0,6,Z,28,233
1.5,4,X,35,184
3.6,6,X,25,261
3.0,6,Z,28,238
4.4,8,Z,19,338
6.0,8,X,15,441
2.4,4,X,30,218
5.7,8,X,23,289
6.2,8,Z,20,332
2.5,4,X,38,176
2.0,4,Z,29,230
2.0,4,X,30,214
3.0,6,Z,27,242
2.5,4,X,36,185
1.6,4,X,31,207
2.4,4,E,23,201
6.2,8,Z,23,286
3.5,6,X,25,268
5.3,8,E,15,317
2.0,4,X,27,240
4.0,8,Z,24,275
6.2,8,Z,19,339
2.0,4,X,41,159
1.6,4,Z,31,212
1.6,4,X,37,180
1.4,4,X,39,172
6.0,12,Z,17,380
3.0,6,Z,36,183
5.3,8,X,22,305
1.5,4,X,36,185
3.0,6,Z,27,237
1.6,4,X,37,180
5.2,10,Z,19,347
4.4,8,Z,19,336
5.0,8,Z,22,305
2.0,4,X,35,188
4.4,8,Z,24,282
2.0,4,Z,26,253
4.7,8,Z,19,358
1.5,4,X,45,145
2.4,4,X,30,219
2.5,4,E,19,242
2.0,4,Z,30,221
5.3,8,E,16,280
2.0,4,X,32,203
5.3,8,E,13,344
2.0,4,Z,29,221
3.5,6,X,25,260
2.0,4,Z,31,211
3.0,6,E,16,278
2.4,4,X,31,209
3.6,6,X,24,277
1.4,4,X,39,172
1.6,4,X,37,175
6.2,8,Z,23,290
2.5,4,Z,26,249
1.6,4,X,31,207
2.0,4,X,37,179
2.0,4,Z,31,207
3.4,6,Z,28,240
2.4,4,X,35,186
3.5,6,X,24,276
3.6,6,X,23,284
3.5,6,X,22,299
1.6,4,Z,31,212
3.3,6,X,25,269
2.4,4,X,27,244
1.8,4,X,35,186
3.5,6,X,22,298
3.0,6,Z,27,242
2.0,4,Z,31,210
5.0,8,Z,21,313
3.5,6,X,24,272
2.4,4,Z,30,214
2.8,4,D,27,279
5.0,8,X,22,304
5.0,8,Z,21,308
2.4,4,X,31,214
1.5,3,Z,38,175
3.6,6,X,27,250
3.4,6,Z,27,249
4.6,8,Z,22,303
4.4,8,Z,20,322
3.2,6,X,27,249
2.0,4,X,34,196
5.3,8,X,23,294
3.6,6,X,26,251
3.0,6,Z,27,239
3.0,6,Z,22,292
6.5,12,Z,16,428
5.0,8,X,20,320
4.0,8,Z,23,288
5.3,8,E,13,344
1.4,4,X,31,215
2.7,6,X,24,272
6.7,12,Z,16,403
3.6,6,X,25,260
1.8,4,Z,34,197
2.0,4,Z,32,208
3.0,6,Z,25,267
3.5,6,X,25,260
2.0,4,X,28,237
2.0,4,X,33,199
3.0,6,Z,22,301
2.4,4,X,25,255
4.0,6,X,21,308
2.4,4,X,29,223
2.0,4,Z,30,216
1.3,4,X,31,213
2.7,6,X,24,281
3.5,6,X,20,317
5.3,8,X,21,314
1.8,4,X,34,194
3.0,6,Z,26,253
3.6,6,X,23,283
3.5,6,X,27,247
4.0,8,Z,21,318
3.0,6,D,29,265
2.0,4,Z,27,248
2.5,4,X,37,177
0.9,3,Z,41,157
4.0,8,Z,25,270
2.5,5,Z,27,245
4.7,8,Z,19,346
2.0,4,E,27,170
2.0,4,Z,32,202
2.7,4,X,24,274
2.4,4,X,29,230
3.6,6,X,24,279
1.4,4,X,39,168
3.6,6,Z,23,293
1.6,4,X,69,96
2.0,4,Z,31,212
3.3,6,X,26,251
6.0,12,Z,18,375
1.5,3,Z,37,181
2.0,4,X,31,209
2.0,4,Z,32,203
3.5,6,Z,27,239
1.6,4,X,37,179
2.0,4,Z,34,193
2.5,4,X,37,175
3.6,6,E,17,279
1.6,4,X,32,206
5.0,8,Z,21,311
2.0,4,D,37,208
3.0,6,Z,26,259
2.0,4,E,24,198
2.5,4,X,29,228
2.0,4,Z,29,227
4.7,8,Z,23,294
2.0,4,Z,29,226
3.0,6,Z,27,248
6.2,8,Z,18,352
2.0,4,Z,32,204
1.4,4,X,33,198
2.0,4,Z,27,248
3.5,6,Z,36,185
5.7,8,X,18,354
3.0,6,Z,29,232
3.0,6,Z,23,286
2.0,4,Z,28,240
2.3,4,X,29,226
5.0,8,E,16,290
5.6,8,Z,19,354
3.7,6,Z,26,246
4.3,6,X,20,329
2.0,4,X,34,191
3.6,6,X,23,283
2.3,4,X,28,239
4.4,8,Z,21,318
1.6,4,Z,33,198
3.5,6,X,23,285
2.0,4,X,30,221
2.0,4,Z,34,196
2.5,4,X,32,200
2.4,4,X,28,230
4.3,6,E,17,284
3.0,6,D,27,283
2.5,4,X,26,253
1.8,4,X,34,191
5.0,8,X,23,287
1.8,4,X,50,131
2.0,4,Z,31,215
5.3,8,E,16,298
2.3,4,X,27,240
2.5,4,X,30,220
2.0,4,Z,32,205
3.7,6,X,23,283
2.5,4,X,36,181
2.0,4,X,31,214
2.0,4,Z,30,218
5.0,8,E,15,305
3.6,6,X,25,265
6.0,8,X,15,437
5.3,8,E,14,326
5.0,8,Z,23,293
2.0,4,X,31,212
2.0,4,Z,30,219
3.0,6,Z,27,243
4.0,6,X,20,320
5.3,8,X,20,325
3.0,6,Z,29,213
3.0,6,Z,25,265
4.7,8,Z,19,354
2.0,4,Z,28,233
2.0,4,Z,30,222
5.3,8,X,21,312
2.0,4,D,41,186
4.4,8,Z,22,294
2.5,4,X,33,203
2.5,4,X,28,235
2.0,4,X,35,189
3.0,6,Z,22,294
3.5,6,X,26,253
2.0,4,Z,28,230
5.3,8,E,16,275
5.3,8,X,21,314
4.4,8,Z,23,292
2.7,6,Z,29,228
2.4,4,E,22,213
2.0,4,Z,29,228
2.0,4,Z,31,216
3.6,6,X,24,277
3.0,6,Z,27,246
5.7,8,X,17,380
6.0,12,Z,18,356
3.0,6,Z,22,302
4.4,8,Z,22,302
6.0,12,Z,19,340
3.0,6,Z,29,230
2.0,4,Z,28,235
2.0,4,Z,32,211
2.0,4,X,25,266
2.4,4,X,28,232
1.5,4,X,36,181
2.5,5,X,30,218
4.4,8,Z,21,315
4.0,6,X,21,310
2.0,4,Z,33,202
2.4,4,X,26,253
2.4,4,X,32,207
3.5,6,X,27,247
3.6,6,Z,22,296
4.0,8,Z,25,271
3.6,6,X,27,242
2.0,4,D,38,198
2.4,4,E,21,214
2.0,4,X,31,212
3.6,6,Z,23,293
2.0,4,X,35,189
2.0,4,X,34,193
3.6,6,X,23,285
3.6,6,X,26,253
1.6,4,X,37,175
3.6,6,X,27,247
6.5,12,Z,16,412
3.6,6,X,27,237
1.3,4,X,32,204
1.5,4,X,44,147
5.0,8,Z,21,306
3.6,6,X,21,315
2.0,4,Z,31,212
5.9,12,Z,18,365
1.8,4,X,63,106
6.7,12,Z,16,404
2.0,4,Z,30,222
1.4,4,X,36,179
2.4,4,X,26,251
1.4,4,X,36,182
6.2,8,Z,20,322
2.4,4,X,30,221
3.2,6,X,28,234
3.0,6,Z,23,286
3.8,6,Z,26,246
3.5,6,X,23,293
3.6,6,X,23,283
1.6,4,X,32,205
3.5,6,Z,27,240
3.5,6,Z,30,223
2.0,4,Z,30,222
2.7,4,X,24,274
2.0,4,Z,32,203
2.0,4,X,38,175
5.0,8,Z,22,299
5.7,8,X,21,313
2.0,4,X,34,198
3.0,6,Z,27,242
1.8,4,X,60,108
3.0,6,Z,26,251
4.8,8,Z,22,297
2.0,4,X,33,203
3.6,6,X,25,269
2.5,4,X,50,134
4.3,6,X,20,331
3.5,6,X,26,256
3.0,6,Z,26,253
3.5,6,Z,26,254
5.6,8,Z,21,313
5.3,8,X,22,307
5.9,12,Z,18,359
3.0,6,Z,26,251
3.0,6,Z,26,255
2.5,4,X,25,260
2.4,4,X,34,193
3.6,6,X,26,258
2.4,4,X,31,210
3.0,6,Z,23,293
2.0,4,Z,29,231
6.2,8,X,16,402
1.8,4,X,38,174
2.5,4,Z,27,249
2.4,4,X,29,228
3.0,6,D,27,279
1.4,4,X,38,175
2.0,4,Z,30,216
3.6,6,X,26,258
2.5,4,X,28,237
5.3,8,X,20,326
3.0,6,Z,23,282
1.4,4,X,36,186
3.5,6,Z,34,189
5.0,8,X,21,309
5.0,8,X,20,324
2.0,4,Z,29,223
3.5,6,X,29,224
6.4,8,Z,22,297
5.3,8,E,15,321
3.0,6,Z,19,340
6.0,12,Z,20,332
3.5,6,X,20,331
6.0,12,Z,19,355
1.4,4,X,36,179
2.0,4,Z,32,207
3.0,6,Z,26,257
3.5,6,X,26,251
2.0,4,Z,28,235
3.5,6,X,23,291
1.6,4,X,30,216
2.5,4,Z,23,288
2.4,4,Z,32,209
2.0,4,X,35,186
2.0,4,Z,32,205
2.0,4,X,28,233
2.0,4,X,36,179
2.4,4,X,29,225
2.4,4,X,30,222
1.6,4,X,42,156
2.5,4,X,31,207
3.2,6,X,24,269
2.7,6,Z,31,212
2.0,4,X,29,225
3.6,6,X,27,250
2.0,4,Z,34,196
5.5,8,Z,22,297
5.5,8,Z,17,369
3.5,6,X,26,259
2.0,4,X,25,268
3.6,6,X,28,235
6.4,8,Z,20,325
3.5,6,X,29,221
3.8,6,Z,25,255
2.7,6,X,23,293
5.7,8,X,21,308
4.4,8,Z,21,321
3.5,6,X,19,345
3.6,6,X,21,315
3.5,6,Z,16,406
1.5,4,X,40,164
2.0,4,X,34,193
1.8,4,X,29,224
3.0,6,Z,23,284
3.5,6,Z,28,235
2.0,4,X,30,222
6.2,8,Z,20,328
2.0,4,Z,29,225
3.6,6,X,26,255
2.0,4,Z,32,205
6.2,8,Z,19,352
2.7,4,X,27,239
2.0,4,X,26,254
1.5,3,Z,38,175
2.4,4,X,30,221
3.3,6,X,25,269
2.4,4,X,33,196
3.0,6,Z,23,290
1.5,4,X,33,196
3.0,6,Z,29,232
3.5,6,X,22,300
2.0,4,X,31,210
2.4,4,X,27,244
2.4,4,X,28,230
3.6,6,X,25,265
4.3,6,X,22,290
3.0,6,D,27,286
3.6,6,X,22,300
1.8,4,X,36,182
3.0,6,Z,27,243
3.0,6,D,35,217
3.0,6,Z,27,243
1.6,4,X,29,221
2.4,4,X,30,222
2.5,4,X,39,168
5.0,8,Z,21,306
1.4,4,X,36,179
2.0,4,Z,31,211
2.7,6,Z,29,232
1.6,4,X,40,167
1.6,4,Z,35,186
2.4,4,X,25,260
2.4,4,X,32,202
1.8,4,X,33,200
3.5,6,E,18,251
5.2,12,Z,21,312
3.0,6,Z,28,232
1.6,4,Z,33,201
5.7,8,X,21,319
2.0,4,Z,32,202
1.6,4,X,29,225
3.0,6,Z,27,237
6.3,12,Z,19,344
2.4,4,X,29,231
2.5,5,Z,27,241
5.6,8,X,17,382
4.0,8,Z,23,285
2.4,4,X,45,147
2.4,4,Z,29,221
1.4,4,X,38,175
2.0,4,Z,30,218
3.0,6,Z,29,232
3.5,6,X,27,250
2.0,4,Z,30,220
2.0,4,X,29,225
3.0,6,Z,29,227
3.8,8,Z,20,322
5.3,8,E,16,286
2.4,4,X,34,191
2.4,4,X,34,198
2.0,4,X,42,158
5.3,8,X,17,380
1.8,4,Z,31,207
2.8,4,D,30,255
3.5,6,X,21,322
3.6,6,E,17,269
3.6,6,X,26,255
3.5,6,X,30,219
3.6,6,X,26,248
2.0,4,X,27,241
5.3,8,X,21,310
4.3,6,X,21,316
5.7,8,X,20,331
3.8,6,Z,24,274
1.4,4,X,31,207
3.0,6,Z,24,277
1.6,4,Z,32,209
1.5,4,Z,38,173
2.0,4,X,56,114
1.5,3,Z,31,212
1.0,4,X,43,152
2.4,4,X,30,216
2.0,4,X,24,273
2.5,4,X,26,251
3.0,6,Z,24,273
6.5,12,Z,13,493
2.0,4,X,27,242
3.5,6,Z,38,172
6.0,12,Z,18,357
2.0,4,X,32,208
2.0,4,Z,27,243
3.0,6,Z,27,246
3.0,6,Z,24,273
3.5,6,X,25,260
3.7,6,Z,28,235
2.0,4,X,41,162
3.0,6,Z,27,245
2.4,4,X,30,218
3.0,6,Z,22,292
3.0,6,Z,32,208
2.0,4,D,40,184
3.5,6,X,25,270
2.5,5,X,29,223
2.0,4,X,29,228
2.4,4,X,28,230
2.0,4,Z,31,210
5.0,8,X,19,347
2.0,4,Z,29,232
1.5,3,Z,36,184
2.4,4,X,34,193
3.6,6,E,17,274
1.6,4,X,52,129
2.0,4,Z,27,240
3.7,6,X,23,283
1.6,4,Z,39,168
1.6,4,Z,32,200
3.5,6,Z,26,254
5.5,8,Z,15,426
4.0,6,X,20,331
2.5,4,X,39,169
5.7,8,X,22,302
6.6,12,Z,18,359
2.0,4,Z,26,252
2.0,4,Z,32,204
2.5,4,X,28,238
2.0,4,X,34,197
2.5,4,X,34,194
3.0,6,Z,22,296
2.0,4,Z,34,196
3.5,6,X,25,258
5.3,8,X,20,339
1.4,4,X,32,208
3.6,6,X,27,242
5.3,8,X,21,312
2.0,4,Z,28,235
1.8,4,X,36,184
3.6,6,Z,25,262
3.7,6,X,22,298
3.6,6,X,28,239
3.0,6,Z,26,251
2.0,4,Z,31,209
3.0,6,Z,29,226
5.0,8,X,21,318
3.8,6,Z,24,274
6.7,12,Z,17,386
3.6,6,X,24,276
2.4,4,X,46,143
3.5,6,X,20,336
1.5,4,X,33,201
2.0,4,X,29,221
1.8,4,X,34,194
3.6,6,X,24,276
3.6,6,X,26,258
6.4,8,Z,22,302
3.0,6,Z,27,244
2.0,4,X,28,239
2.0,4,Z,33,200
3.6,6,Z,26,251
3.0,6,D,35,217
3.0,6,Z,28,233
6.4,8,Z,20,326
2.4,4,E,21,221
2.0,4,Z,31,214
2.0,4,Z,33,200
4.7,8,Z,18,359
5.3,8,X,22,297
2.5,4,X,26,251
3.6,6,X,26,251
3.7,6,X,23,281
5.0,8,X,21,319
2.0,4,Z,31,211
3.3,6,X,22,297
2.0,4,Z,29,229
2.0,4,Z,28,230
1.6,4,X,36,186
3.8,6,Z,20,322
5.7,8,X,20,324
1.8,4,X,34,189
3.0,6,Z,21,324
2.4,4,X,34,189
1.5,4,X,32,209
6.6,12,Z,17,397
2.7,4,X,24,275
3.6,6,X,27,242
3.0,6,Z,22,300
2.5,4,X,30,216
4.4,8,Z,19,336
3.6,6,Z,23,289
2.4,4,X,28,230
1.4,4,X,42,156
2.4,4,X,30,221
2.0,4,X,32,206
4.4,8,Z,20,317
2.0,4,X,29,229
1.4,4,X,32,202
3.6,6,X,27,249
3.6,6,E,18,264
2.0,4,X,30,220
4.0,6,X,20,322
2.0,4,X,34,196
3.6,6,X,24,272
6.6,12,Z,19,355
6.6,12,Z,17,388
6.6,12,Z,18,359
2.5,4,X,34,196
3.3,6,Z,24,274
2.4,4,X,30,214
5.7,8,X,21,320
6.7,12,Z,17,387
3.4,6,Z,28,235
2.4,4,X,28,230
2.4,4,E,21,214
3.8,6,Z,24,274
3.6,6,E,18,250
6.0,12,Z,17,388
6.2,8,Z,23,284
4.0,6,X,20,322
3.0,6,X,25,264
1.4,4,X,38,172
3.6,6,X,24,274
1.4,4,X,39,170
1.8,4,X,35,190
2.0,4,Z,29,227
2.0,4,Z,29,224
5.3,8,X,21,314
5.3,8,X,21,314
5.0,8,Z,21,306
3.5,6,X,23,291
1.4,4,X,41,162
2.5,4,X,26,252
1.8,4,X,38,176
3.5,6,Z,35,189
3.0,6,Z,28,233
3.8,6,X,25,260
1.6,4,X,35,191
3.5,6,X,25,268
1.8,4,X,37,175
1.5,4,X,40,163
2.7,4,X,25,261
2.0,4,Z,30,222
3.5,6,X,24,283
3.6,6,X,22,294
2.0,4,X,34,198
3.0,6,Z,24,280
3.8,6,X,24,279
2.5,4,X,34,192
2.0,4,X,34,191
1.5,4,X,58,115
5.2,10,Z,19,347
2.0,4,D,42,179
3.6,6,X,24,273
2.0,4,X,33,198
3.0,6,Z,27,245
3.4,6,Z,26,257
1.6,4,X,39,169
1.5,4,X,40,165
3.0,6,Z,26,255
2.5,4,X,34,196
1.6,4,Z,36,179
2.0,4,Z,33,199
2.0,4,X,34,193
2.0,4,Z,31,213
6.3,12,Z,18,363
6.2,8,Z,24,273
4.8,8,Z,22,297
3.8,6,Z,23,285
4.6,8,Z,19,341
3.5,6,X,29,226
2.0,4,X,33,200
3.5,6,X,29,221
1.8,4,X,33,196
3.8,8,Z,18,360
2.4,4,X,31,212
5.3,8,E,15,306
2.4,4,X,30,218
2.5,4,X,28,234
2.0,4,E,23,208
2.0,4,X,31,211
1.4,4,X,34,191
2.4,4,X,30,218
2.0,4,Z,31,217
2.7,4,X,27,237
5.3,8,X,22,304
3.5,6,Z,35,187
3.0,6,Z,27,237
3.6,6,X,25,265
1.0,3,X,42,158
3.6,6,E,20,226
2.0,4,X,33,198
2.4,4,X,25,261
6.0,12,Z,19,355
4.8,8,Z,22,300
3.6,6,Z,23,283
3.4,6,Z,29,225
1.5,4,X,40,166
2.0,4,Z,30,222
2.0,4,Z,33,200
1.5,4,Z,48,136
3.5,6,X,25,255
1.6,4,Z,35,186
3.3,6,X,25,265
1.4,4,X,34,195
2.0,4,Z,34,193
3.8,6,X,23,278
1.6,4,Z,35,186
4.0,8,Z,22,302
2.0,4,X,36,187
3.8,6,Z,23,283
1.8,4,Z,30,216
4.2,8,Z,21,306
3.5,6,X,20,327
3.5,6,Z,33,200
1.4,4,X,36,183
3.2,6,X,26,256
1.3,4,X,46,143
5.0,8,Z,22,289
2.0,4,Z,23,283
1.5,4,X,39,168
3.0,6,Z,27,246
3.6,6,E,17,269
5.3,8,E,17,284
3.8,6,Z,26,251
1.8,4,X,34,192
1.5,4,Z,39,167
4.7,6,Z,26,248
1.5,3,Z,36,184
2.4,4,Z,29,225
3.0,6,Z,27,245
1.8,4,X,34,192
3.5,6,X,23,288
1.6,4,Z,34,191
2.0,4,Z,36,184
5.0,8,X,23,289
2.0,4,Z,31,212
2.7,4,X,26,246
2.0,4,Z,31,210
3.5,6,X,31,215
3.0,6,D,36,213
2.5,4,X,31,207
6.6,12,Z,19,355
5.2,8,Z,20,334
3.7,6,X,22,290
2.5,4,X,27,239
4.0,8,Z,25,271
3.6,6,E,18,250
3.0,6,Z,25,262
1.6,4,X,35,190
2.0,4,D,42,181
3.6,6,X,23,286
3.6,6,X,22,290
5.3,8,E,16,317
2.3,4,X,30,219
3.0,6,Z,24,280
6.0,12,Z,17,389
3.0,6,X,24,278
6.2,8,Z,19,339
2.0,4,Z,32,204
1.4,4,X,40,167
2.0,4,Z,29,225
4.6,8,Z,23,283
1.6,4,D,45,169
1.4,4,X,34,193
3.5,6,X,25,260
2.7,4,X,24,274
5.3,8,X,22,299
2.5,4,X,35,188
1.4,4,X,39,172
3.6,6,Z,25,255
3.0,6,D,26,290
5.0,8,Z,22,306
1.6,4,Z,33,196
1.8,4,X,34,194
1.8,4,X,40,165
3.2,6,X,28,240
2.0,4,X,34,189
4.0,6,X,20,326
3.6,6,X,23,287
1.4,4,X,35,189
5.0,8,Z,19,334
2.7,4,X,24,274
2.0,4,Z,36,179
3.6,6,E,18,251
2.4,4,E,20,234
4.2,8,Z,22,294
3.0,6,Z,22,299
4.0,8,Z,24,279
1.5,3,Z,34,197
3.5,6,Z,26,252
3.6,6,E,16,285
6.0,12,Z,19,356
5.7,8,Z,22,307
6.5,12,Z,15,438
2.0,4,Z,27,242
3.0,6,Z,30,223
2.0,4,Z,29,232
2.0,4,Z,35,188
3.0,6,Z,27,246
1.4,4,X,40,163
2.0,4,X,31,213
5.3,8,X,22,298
1.8,4,X,41,162
2.0,4,Z,31,209
2.7,4,X,24,275
2.0,4,X,33,198
1.6,4,X,42,158
3.5,6,X,24,276
2.0,4,Z,30,223
2.0,4,Z,33,199
2.0,4,Z,34,193
1.4,4,X,36,184
3.0,6,Z,22,301
3.6,6,X,26,259
5.0,8,Z,21,311
5.3,8,X,22,307
2.0,4,X,33,198
3.6,6,X,22,290
3.5,6,X,20,339
3.0,6,Z,23,285
3.3,6,X,24,271
2.0,4,X,31,209
2.0,4,Z,30,221
5.0,8,E,14,318
2.0,4,Z,25,263
4.0,8,Z,23,286
2.0,4,X,26,256
2.0,4,X,32,205
2.5,4,X,28,239
4.0,8,Z,22,304
5.6,8,Z,19,354
3.0,6,Z,25,266
4.2,8,Z,16,407
4.3,6,X,19,347
2.0,4,Z,27,242
5.7,8,X,23,290
2.0,4,X,28,239
2.5,4,X,27,244
6.2,8,Z,18,358
1.5,4,X,30,216
3.0,6,Z,29,229
3.0,6,Z,26,253
1.8,4,X,32,207
3.6,6,X,24,272
5.0,8,E,13,342
2.0,4,X,35,186
6.5,12,Z,13,493
6.0,12,Z,20,348
1.4,4,X,42,156
5.3,8,X,17,380
5.0,8,E,16,291
4.3,6,E,16,288
6.4,8,Z,22,305
2.5,4,X,30,217
2.4,4,X,25,259
2.5,4,E,21,219
3.6,6,X,23,285
2.3,4,X,27,241
4.7,8,Z,18,365
3.3,6,X,25,271
3.8,6,Z,24,272
2.5,4,X,34,194
3.0,6,Z,28,238
3.0,6,Z,29,226
1.8,4,X,34,194
3.5,6,X,20,331
3.0,6,X,25,255
3.0,6,Z,29,230
4.0,8,Z,24,275
3.6,6,X,21,322
4.8,8,Z,20,334
3.0,6,Z,27,248
2.0,4,X,41,164
2.0,4,Z,29,226
2.5,4,X,31,207
3.0,6,Z,24,267
3.0,6,Z,26,251
3.5,6,X,24,281
4.0,8,Z,20,322
3.0,6,Z,25,265
5.7,8,X,17,382
3.6,6,X,25,260
2.0,4,Z,29,228
2.4,4,X,36,182
3.0,6,Z,27,245
2.0,4,X,39,170
3.5,6,Z,26,253
3.5,6,Z,32,202
2.0,4,X,26,251
2.0,4,X,36,181
3.0,6,D,30,246
1.5,4,X,37,177
1.5,4,X,39,169
2.0,4,D,35,218
3.0,6,Z,30,221
2.0,4,Z,29,225
2.0,4,Z,30,219
2.0,4,X,30,220
3.6,6,X,24,271
3.0,6,Z,24,269
6.6,12,Z,18,370
2.0,4,Z,34,196
4.0,8,Z,24,271
2.4,4,X,34,189
2.0,4,Z,31,213
1.6,4,X,38,173
3.0,6,Z,22,296
3.0,6,Z,23,285
5.0,8,X,22,305
2.0,4,X,32,208
5.3,8,X,22,305
3.6,6,X,26,251
3.0,6,Z,26,251
2.7,6,X,26,259
3.6,6,X,26,259
2.4,4,X,29,226
1.3,3,X,33,199
2.5,4,X,27,244
1.5,3,Z,37,181
5.5,8,Z,15,417
2.5,4,X,38,173
1.6,4,X,29,223
2.5,4,X,37,182
4.3,6,E,17,269
2.0,4,X,34,193
2.0,4,X,32,208
4.3,6,E,16,296
2.0,4,X,31,213
2.0,4,Z,34,193
3.0,6,Z,24,281
3.2,6,X,24,269
3.5,6,Z,38,172
1.4,4,X,32,202
2.9,6,Z,25,262
1.5,4,X,32,204
2.0,4,X,32,203
3.0,6,Z,25,258
5.2,12,Z,20,324
2.0,4,Z,25,255
2.0,4,X,34,197
2.0,4,D,42,182
6.0,12,Z,17,388
1.8,4,X,34,193
2.4,4,X,29,232
3.6,6,X,25,265
6.7,12,Z,16,404
2.0,4,Z,30,216
5.3,8,X,17,380
3.6,6,E,16,285
3.6,6,E,17,270
2.5,4,X,25,260
3.5,6,X,22,308
4.4,8,Z,20,324
6.2,8,Z,25,258
2.4,4,X,28,235
3.0,6,Z,26,255
5.0,8,X,19,347
5.3,8,E,16,285
3.5,6,X,20,338
3.6,6,X,27,243
2.5,4,X,31,211
1.6,4,X,33,199
3.5,6,Z,27,242
6.2,8,Z,20,331
3.6,6,Z,24,281
1.8,4,X,42,156
2.4,4,E,21,221
3.0,6,Z,26,256
2.4,4,X,29,226
3.5,6,X,26,256
3.6,6,E,19,237
1.5,4,X,43,151
6.2,8,Z,22,296
2.0,4,X,25,262
2.7,6,X,26,258
1.6,4,X,59,114
5.3,8,X,20,330
3.6,6,Z,22,292
3.0,6,Z,29,231
3.5,6,X,28,240
6.2,8,Z,20,322
2.0,4,Z,30,219
2.0,4,Z,34,197
6.2,8,Z,21,312
3.8,6,X,24,276
2.0,4,X,35,186
5.3,8,X,21,310
6.2,8,Z,19,339
1.6,4,Z,35,186
2.0,4,X,29,221
2.0,4,X,35,191
1.4,4,X,36,179
1.4,4,X,40,167
5.7,8,X,19,340
1.4,4,X,36,185
2.0,4,X,30,219
5.7,8,X,18,361
3.0,6,Z,25,267
2.0,4,Z,30,216
4.7,8,Z,24,269
4.0,8,Z,22,298
1.0,3,Z,44,147
2.4,4,X,30,218
2.4,4,X,35,190
2.0,4,Z,32,204
2.0,4,Z,28,232
2.8,4,D,28,270
3.6,6,X,27,246
3.5,6,Z,26,258
3.6,6,E,17,269
2.0,4,X,37,180
2.0,4,D,40,192
1.5,4,X,32,208
5.3,8,X,19,354
1.8,4,X,39,168
4.0,8,Z,25,263
3.8,6,X,24,276
3.0,6,X,25,259
2.0,4,Z,28,239
3.6,6,E,17,264
2.0,4,X,56,117
3.6,6,E,21,225
1.5,4,X,41,162
4.0,8,Z,23,290
3.0,6,Z,28,235
1.6,4,Z,34,194
2.0,4,Z,30,217
2.0,4,Z,29,229
2.0,4,Z,31,213
4.2,8,Z,21,308
5.5,8,Z,23,298
1.4,4,X,34,194
2.0,4,Z,33,198
1.6,4,X,35,184
1.5,4,X,36,181
1.6,4,X,29,226
3.7,6,Z,25,269
2.0,4,Z,32,205
2.0,4,Z,30,221
8.4,10,Z,17,389
2.0,4,X,50,131
3.0,6,X,25,259
2.0,4,D,42,180
2.5,4,X,29,230
3.8,8,Z,21,321
1.5,4,X,30,216
2.4,4,X,34,193
3.0,6,Z,26,252
3.0,6,D,27,278
3.5,6,X,25,269
2.5,4,X,26,254
5.7,8,X,21,308
2.0,4,X,36,185
2.0,4,Z,27,240
2.0,4,Z,33,200
4.4,8,Z,19,344
1.8,4,X,34,193
2.0,4,X,37,175
3.0,6,Z,29,224
2.0,4,Z,28,235
2.5,4,X,29,223
5.7,8,X,21,319
4.0,8,Z,22,307
3.5,6,X,25,264
4.0,6,X,22,298
2.5,4,X,48,136
3.0,6,Z,23,291
3.0,6,Z,29,232
2.0,4,X,35,188
1.6,4,X,37,175
1.5,3,Z,38,174
1.4,4,X,34,193
2.0,4,X,50,131
5.7,8,X,20,328
3.7,6,X,25,262
4.4,8,Z,20,324
2.0,4,Z,32,203
5.0,8,Z,21,311
3.6,6,X,22,301
2.0,4,X,30,226
2.0,4,X,28,232
2.4,4,Z,35,189
1.5,4,X,42,158
5.0,8,X,19,339
2.0,4,X,38,175
3.0,6,Z,31,210
3.6,6,X,26,258
3.0,6,Z,27,243
3.0,6,Z,27,242
1.4,4,X,32,208
5.0,8,Z,22,306
2.5,4,Z,26,257
3.8,6,Z,25,260
2.0,4,Z,31,210
3.5,6,X,19,339
3.0,6,D,27,279
2.5,4,Z,27,249
5.7,8,X,18,371
3.6,6,X,25,265
3.0,6,Z,25,265
2.0,4,Z,29,231
6.4,8,Z,22,302
6.2,8,Z,20,327
3.5,6,X,24,274
2.5,4,X,38,176
3.7,6,X,21,308
2.5,4,X,47,140
3.6,6,X,24,276
5.6,8,Z,23,283
6.2,8,Z,20,326
2.0,4,Z,27,246
3.0,6,Z,27,246
1.4,4,X,40,165
2.0,4,D,40,192
3.6,6,E,19,232
3.6,6,X,20,331
2.4,4,X,36,186
1.6,4,X,38,177
5.2,10,Z,19,350
5.7,8,X,23,289
2.0,4,X,38,176
5.5,8,Z,16,419
3.0,6,Z,23,290
6.5,12,Z,15,452
2.0,4,Z,34,193
3.0,6,Z,27,237
5.0,8,Z,22,294
3.0,6,Z,29,224
3.6,6,X,27,248
2.0,4,Z,26,251
2.4,4,X,27,245
3.7,6,X,23,278
3.0,6,Z,29,231
1.5,4,X,39,170
4.0,8,Z,22,307
6.0,12,Z,18,370
6.2,8,Z,20,324
1.8,4,X,30,218
2.0,4,Z,35,188
1.6,4,X,59,114
3.6,6,X,21,315
1.8,4,X,34,191
1.2,3,X,45,147
2.0,4,X,34,189
2.0,4,Z,31,209
2.5,4,X,34,192
3.0,6,Z,27,243
4.7,8,Z,19,360
2.0,4,Z,30,221
3.0,6,Z,27,245
5.3,8,X,22,297
2.0,4,X,33,203
2.0,4,X,33,198
5.6,8,Z,19,338
1.8,4,X,34,189
2.0,4,Z,26,251
2.5,4,X,42,156
3.0,6,X,25,258
5.0,8,X,22,305
5.3,8,X,22,298
5.4,8,E,13,346
4.4,8,Z,19,343
5.4,8,X,16,396
1.6,4,Z,34,191
3.6,6,X,25,268
2.0,4,Z,25,254
2.5,4,X,27,244
3.5,6,X,26,251
2.0,4,Z,31,211
2.9,6,Z,24,280
1.5,3,Z,31,213
4.4,8,Z,24,273
2.5,4,X,32,205
3.5,6,Z,27,242
1.6,4,Z,36,179
2.4,4,X,31,213
5.3,8,E,16,295
3.0,6,Z,29,221
4.8,8,Z,20,334
6.2,8,Z,20,330
3.5,6,Z,26,254
2.0,4,Z,26,252
3.0,6,Z,21,324
2.5,5,Z,27,243
1.8,4,X,63,104
3.2,6,X,27,249
4.4,8,Z,23,290
2.4,4,X,34,199
2.0,4,X,31,214
5.2,8,Z,17,392
5.0,8,Z,22,289
3.0,6,Z,24,276
3.0,6,D,30,256
1.4,4,X,40,167
3.0,6,Z,20,322
2.5,4,E,20,233
2.0,4,Z,27,240
2.5,4,X,38,173
4.4,8,Z,19,344
2.5,4,X,33,198
3.5,6,X,31,212
2.0,4,Z,32,205
5.0,8,X,20,324
3.5,6,Z,25,254
5.0,8,X,22,292
3.6,6,X,24,274
3.6,6,X,22,290
5.3,8,X,20,317
4.8,8,Z,22,292
3.0,6,D,29,264
5.0,8,E,14,323
2.5,4,E,22,218
3.0,6,Z,27,245
4.4,8,Z,23,283
3.7,6,X,26,253
5.0,8,X,22,308
3.5,6,Z,25,262
3.5,6,X,27,242
3.4,6,Z,27,246
2.5,4,X,31,221
3.6,6,Z,24,271
1.0,3,X,40,164
2.0,4,Z,29,228
3.8,6,Z,26,253
2.5,4,X,29,230
2.0,4,X,31,217
2.0,4,X,32,203
2.0,4,Z,31,209
2.0,4,X,34,193
1.5,4,X,44,150
1.8,4,X,59,110
2.5,5,X,27,237
3.6,6,X,25,265
4.0,8,Z,24,271
3.0,6,Z,28,238
2.4,4,X,30,221
3.6,6,X,27,242
3.5,6,E,16,288
2.4,4,X,28,230
3.5,6,Z,25,258
2.0,4,Z,28,238
5.3,8,X,22,307
2.7,4,X,27,242
3.2,6,X,25,258
5.3,8,X,21,314
2.5,4,X,58,113
2.0,4,Z,30,219
2.5,4,X,32,209
2.0,4,Z,32,200
3.5,6,Z,27,246
2.0,4,Z,34,192
5.3,8,X,22,298
2.4,4,X,31,209
2.4,4,X,28,240
3.5,6,X,24,274
3.4,6,Z,26,246
5.6,8,Z,22,300
2.0,4,Z,31,217
1.6,4,X,36,184
6.5,12,Z,13,485
2.0,4,Z,31,214
3.0,6,Z,29,228
3.6,6,X,23,282
2.0,4,X,47,140
3.8,6,X,24,273
3.7,6,E,13,345
5.6,8,X,20,331
1.8,4,X,55,121
3.7,6,X,23,283
1.6,4,Z,35,186
2.0,4,X,31,209
3.6,6,E,16,300
1.5,4,X,43,155
2.0,4,X,38,174
2.4,4,X,25,255
3.0,6,Z,25,262
5.0,8,E,14,326
6.2,8,Z,23,284
4.0,8,Z,22,299
2.4,4,X,31,218
2.5,4,X,37,178
3.8,6,Z,26,253
3.5,6,X,31,210
3.5,6,X,30,220
2.0,4,Z,27,240
6.2,8,Z,19,352
5.3,8,X,22,299
2.4,4,X,32,202
1.6,4,X,33,196
2.3,4,X,28,237
2.5,4,X,35,190
6.7,12,Z,16,396
4.7,8,Z,19,343
2.4,4,X,26,251
2.0,4,X,32,206
1.2,4,X,41,159
5.2,12,Z,21,312
4.8,8,Z,22,294
5.0,8,X,22,300
4.8,8,Z,19,358
3.6,6,X,23,286
3.4,6,Z,26,246
3.6,6,Z,23,287
1.6,4,Z,35,186
2.0,4,Z,29,228
2.4,4,Z,30,216
5.2,10,Z,19,338
3.5,6,X,22,305
1.5,3,Z,31,214
1.4,4,X,40,162
6.2,8,Z,19,352
3.0,6,Z,27,246
2.0,4,Z,27,246
6.0,8,X,15,432
2.0,4,Z,29,221
3.0,6,Z,28,235
4.0,8,Z,24,269
4.4,8,Z,24,282
5.0,8,E,16,290
4.4,8,Z,20,324
2.0,4,X,31,214
3.5,6,Z,37,181
4.0,6,X,21,315
1.8,4,X,38,176
4.4,8,Z,25,269
4.6,8,Z,19,341
3.0,6,Z,22,299
1.4,4,X,36,183
2.4,4,X,25,261
2.0,4,X,49,136
4.4,8,Z,22,292
5.0,8,Z,19,347
2.0,4,Z,29,227
3.5,6,Z,25,255
1.6,4,X,36,185
2.7,4,X,24,277
3.6,6,X,22,290
3.5,6,Z,28,230
6.6,12,Z,17,397
3.6,6,X,22,290
3.5,6,X,23,292
1.8,4,X,33,201
3.2,6,X,28,235
5.0,8,E,16,293
4.3,6,X,22,290
1.8,4,X,38,174
2.0,4,Z,32,200
2.4,4,X,26,251
3.6,6,X,25,265
5.7,8,Z,22,307
3.6,6,Z,22,302
2.4,4,E,21,223
3.0,6,Z,29,228
3.5,6,X,25,268
2.8,4,D,27,283
3.3,6,X,23,287
2.3,4,X,29,230
3.0,6,Z,23,284
2.4,4,X,33,202
2.0,4,Z,34,197
1.4,4,X,37,177
4.4,8,Z,21,320
3.5,6,X,26,254
3.5,6,Z,25,262
3.6,6,X,23,286
2.0,4,Z,27,248
1.8,4,X,39,166
1.4,4,X,38,176
3.5,6,Z,27,244
2.7,4,X,25,263
2.4,4,X,27,239
1.6,4,D,43,178
2.7,4,X,24,275
5.3,8,E,16,288
4.7,8,Z,19,355
3.3,6,X,26,257
3.0,6,Z,25,264
1.5,4,X,34,193
3.0,6,Z,27,243
2.0,4,Z,34,191
2.0,4,Z,31,209
4.0,8,Z,25,265
2.4,4,X,32,200
2.0,4,Z,31,209
2.0,4,X,25,264
3.0,6,Z,25,262
2.0,4,Z,27,248
3.6,6,X,24,271
2.0,4,X,31,217
1.4,4,X,32,210
4.4,8,Z,20,317
1.5,3,Z,31,214
2.0,4,X,30,220
6.2,8,Z,19,338
1.8,4,X,36,182
2.0,4,Z,28,235
2.0,4,Z,31,213
2.0,4,Z,29,221
1.6,4,D,38,198
3.5,6,E,16,288
1.6,4,X,38,178
2.0,4,X,30,220
5.3,8,X,23,288
4.0,8,Z,26,249
3.0,6,Z,28,233
5.3,8,X,21,321
2.4,4,E,21,226
3.0,6,D,27,286
2.0,4,Z,27,242
4.0,8,Z,21,313
2.0,4,Z,29,225
2.0,4,X,27,245
1.8,4,X,30,218
5.3,8,X,22,305
3.5,6,X,22,299
2.0,4,X,34,193
4.0,6,X,22,301
2.0,4,Z,32,210
1.4,4,X,39,169
1.6,4,X,33,196
5.3,8,E,17,283
4.0,8,Z,23,293
5.2,10,Z,18,361
3.6,6,X,25,258
3.5,6,Z,38,177
3.5,6,X,19,346
3.6,6,X,26,246
2.0,4,X,35,189
3.3,6,X,25,263
3.6,6,X,25,262
2.5,4,X,58,113
6.0,12,Z,19,339
2.0,4,Z,30,222
3.5,6,X,20,337
2.4,4,X,34,197
3.0,6,D,30,254
3.0,6,Z,27,242
4.0,8,Z,25,269
2.0,4,Z,32,211
2.0,4,Z,30,222
3.5,6,X,28,240
2.0,4,Z,34,195
3.0,6,Z,27,246
1.6,4,X,33,201
2.0,4,Z,29,223
2.0,4,Z,31,215
3.5,6,X,26,253
2.5,4,Z,22,296
3.8,6,Z,26,258
3.6,6,X,23,287
1.6,4,X,35,184
3.6,6,X,27,246
3.0,6,Z,29,228
2.4,4,X,31,211
5.3,8,X,20,331
2.5,4,X,29,229
3.6,6,X,28,238
2.0,4,Z,30,218
3.4,6,Z,26,253
5.6,8,X,18,362
2.5,4,X,32,202
3.5,6,Z,27,244
5.6,8,X,21,312
2.5,6,Z,29,223
6.6,12,Z,17,397
1.5,3,Z,40,163
2.0,4,X,34,193
2.4,4,X,28,230
2.4,4,X,32,200
2.0,4,X,40,165
2.0,4,Z,32,208
3.0,6,Z,26,251
1.6,4,X,38,175
2.5,4,X,34,192
3.5,6,Z,36,185
1.4,4,X,38,172
3.0,6,D,24,324
1.2,3,X,43,151
1.6,4,Z,31,207
4.0,8,Z,24,273
1.6,4,X,69,96
2.0,4,X,32,205
2.0,4,X,38,174
2.5,4,X,36,186
2.5,4,X,31,210
3.0,6,Z,24,272
2.0,4,Z,30,221
2.7,6,X,23,288
1.6,4,Z,35,188
2.0,4,Z,32,203
3.0,6,Z,26,253
3.6,6,X,27,242
1.8,4,X,36,186
2.0,4,Z,29,228
3.6,6,X,26,259
3.0,6,Z,29,231
3.0,6,Z,23,278
2.0,4,X,38,174
3.6,6,Z,23,292
4.0,6,X,21,308
6.7,12,Z,16,403
1.5,4,X,36,185
3.6,6,X,26,258
4.0,8,Z,23,291
3.5,6,X,34,193
2.5,4,X,29,228
2.0,4,Z,26,256
3.6,6,X,27,244
3.4,6,Z,26,246
3.6,6,X,25,260
3.6,6,X,21,315
1.2,4,X,42,156
2.0,4,Z,31,210
6.0,8,E,11,418
3.6,6,X,27,245
2.0,4,Z,29,221
2.0,4,Z,30,224
3.5,6,X,23,288
3.6,6,X,24,276
2.5,4,X,38,176
3.0,6,Z,23,278
1.8,4,X,35,187
6.8,8,Z,16,407
2.0,4,X,28,234
3.3,6,E,19,248
3.5,6,Z,28,235
1.5,4,X,42,158
2.0,4,Z,32,203
5.0,8,E,14,320
2.4,4,X,27,244
3.5,6,Z,37,177
3.4,6,Z,26,246
2.0,4,Z,30,221
5.2,10,Z,19,340
5.5,8,Z,18,356
2.0,4,X,32,205
2.0,4,Z,30,224
4.6,8,Z,23,283
1.8,4,X,34,191
1.6,4,Z,32,204
1.5,4,X,54,120
2.0,4,Z,31,214
3.0,6,Z,29,224
2.0,4,X,37,175
2.5,4,X,37,175
5.0,8,X,22,303
3.8,6,X,25,264
3.6,6,Z,22,302
2.0,4,Z,29,223
2.0,4,X,39,166
2.5,4,X,33,201
1.5,4,X,31,210
3.0,6,D,29,265
2.0,4,X,28,240
3.0,6,Z,25,260
2.0,4,X,31,216
3.6,6,X,24,275
1.6,4,X,37,179
2.5,4,X,28,238
3.5,6,X,24,274
3.0,6,Z,24,280
2.4,4,X,28,230
3.0,6,Z,27,242
3.8,6,Z,24,267
1.6,4,D,45,170
1.4,4,X,40,166
2.0,4,E,27,165
3.7,6,E,16,288
4.4,8,Z,22,302
2.0,4,Z,30,219
3.5,6,Z,38,172
6.4,8,Z,22,305
1.4,4,X,32,205
5.0,8,X,23,291
2.0,4,X,32,204
5.7,8,X,17,382
2.5,4,X,25,268
3.0,6,Z,28,238
2.0,4,X,40,167
6.2,8,Z,23,290
2.5,4,X,34,193
4.8,8,X,16,414
2.5,5,X,28,232
3.8,6,Z,24,272
4.4,8,Z,23,292
2.5,4,X,35,186
2.7,6,X,26,258
5.5,8,Z,16,419
5.7,8,X,20,331
1.6,4,Z,35,184
6.5,12,Z,16,420
2.4,4,Z,31,212
3.7,6,Z,25,264
2.0,4,Z,32,202
3.3,6,Z,24,279
1.8,4,X,34,191
5.7,8,X,23,289
3.0,6,Z,24,280
2.7,4,Z,28,238
1.5,4,X,39,168
2.5,4,X,29,226
3.6,6,X,25,260
4.2,8,Z,20,324
6.4,8,Z,22,302
2.0,4,X,37,178
6.5,12,Z,15,454
3.0,6,Z,28,235
2.0,4,Z,29,229
5.3,8,X,22,305
1.5,4,X,31,210
2.4,4,X,31,212
2.4,4,X,26,256
5.0,8,Z,21,311
3.5,6,Z,37,175
2.4,4,X,33,204
3.0,6,Z,30,216
1.4,4,X,31,214
2.0,4,Z,32,205
2.0,4,Z,31,212
3.0,6,Z,24,277
4.4,8,Z,23,286
2.5,6,Z,27,239
4.7,8,Z,23,289
2.0,4,X,29,221
3.0,6,X,23,290
1.8,4,X,37,179
3.0,6,Z,26,254
1.8,4,X,34,191
5.5,8,Z,18,364
5.3,8,E,15,294
2.0,4,X,41,162
6.0,12,Z,15,450
1.5,4,X,31,214
6.4,8,Z,22,297
3.6,6,X,26,257
2.0,4,Z,31,215
3.0,6,Z,27,241
3.6,6,E,19,245
2.0,4,Z,32,207
1.4,4,X,31,212
3.0,6,Z,28,238
1.4,4,X,39,172
5.3,8,X,20,326
3.3,6,E,18,263
3.0,6,Z,23,278
1.6,4,X,34,196
2.0,4,Z,28,239
4.6,8,Z,19,337
1.8,4,X,49,135
3.6,6,X,23,292
3.0,6,Z,22,295
3.5,6,X,26,250
3.0,6,Z,27,242
2.4,4,X,33,202
5.5,8,Z,21,306
3.0,6,Z,23,286
1.5,4,X,37,177
4.0,8,Z,22,306
1.8,4,X,38,170
3.0,6,Z,24,274
1.6,4,X,36,186
5.2,10,Z,19,349
6.6,12,Z,18,368
2.0,4,Z,23,288
3.5,6,X,25,265
4.8,8,X,16,416
4.4,8,Z,22,294
2.0,4,X,33,198
1.8,4,X,38,178
2.0,4,Z,30,219
3.8,6,Z,25,258
2.0,4,Z,32,206
4.0,6,X,22,300
1.6,4,X,34,189
5.7,8,X,23,283
3.6,6,Z,23,290
5.6,8,Z,22,301
5.3,8,X,22,292
3.5,6,X,23,295
2.0,4,X,30,219
5.0,8,X,22,303
5.0,8,X,21,317
5.3,8,X,21,312
3.5,6,X,22,297
3.6,6,X,27,241
3.6,6,X,22,304
2.4,4,X,32,206
3.6,6,X,26,258
1.5,4,X,30,216
2.0,4,X,39,166
1.6,4,Z,32,205
6.0,12,Z,19,346
2.5,4,Z,26,249
3.7,6,X,23,293
3.6,6,X,23,286
3.7,6,X,22,292
2.0,4,Z,28,236
4.8,8,Z,20,334
2.0,4,Z,29,221
6.8,8,Z,16,419
6.0,8,X,15,432
3.5,6,X,22,301
2.4,4,X,27,237
2.4,4,X,29,223
3.5,6,X,25,265
2.0,4,Z,29,228
3.0,6,D,24,324
3.6,6,X,24,276
6.2,8,Z,19,355
3.7,6,E,14,343
2.0,4,Z,30,221
3.0,6,Z,26,256
5.7,8,X,17,382
3.0,6,Z,23,292
4.3,6,X,23,288
3.0,6,Z,28,235
3.6,6,X,22,300
3.5,6,Z,28,240
2.0,4,Z,33,202
3.0,6,Z,29,228
3.0,6,Z,28,230
3.0,6,D,26,287
3.8,6,Z,25,266
5.3,8,X,22,299
3.0,6,X,25,259
2.0,4,Z,31,217
2.4,4,X,25,260
2.0,4,X,33,196
5.3,8,X,22,305
2.0,4,X,33,198
3.5,6,Z,27,244
2.0,4,Z,30,219
2.0,4,Z,32,205
3.5,6,E,14,328
3.0,6,X,25,259
3.0,6,Z,22,296
5.5,8,Z,27,252
3.6,6,Z,24,281
2.0,4,Z,31,209
2.0,4,D,43,178
3.0,6,X,25,264
2.3,4,Z,26,255
2.0,4,Z,31,207
1.8,4,X,42,160
3.5,6,X,23,284
3.6,6,X,26,251
3.0,6,Z,22,302
4.4,8,Z,20,324
3.6,6,Z,23,286
3.6,6,X,23,285
1.4,4,X,31,212
3.5,6,X,30,220
3.6,6,X,26,252
2.0,4,D,41,186
3.0,6,Z,25,264
2.5,4,X,29,223
2.5,4,X,39,166
3.6,6,X,27,242
2.0,4,X,30,220
3.5,6,X,29,230
3.0,6,Z,28,233
1.6,4,X,40,161
1.4,4,X,32,203
3.0,6,Z,27,246
2.0,4,X,37,179
4.4,8,Z,19,344
5.3,8,X,22,299
5.3,8,X,20,337
2.0,4,X,27,249
2.4,4,X,28,235
4.0,8,Z,17,378
2.0,4,X,32,206
1.5,4,X,55,120
3.5,6,X,26,257
2.4,4,X,30,222
3.5,6,Z,35,186
5.7,8,X,21,320
3.0,6,Z,23,282
3.6,6,X,26,254
2.4,4,X,28,237
3.0,6,Z,25,260
3.5,6,Z,36,184
2.0,4,X,36,183
5.7,8,X,20,331
2.0,4,Z,31,212
3.3,6,E,18,265
3.0,6,X,24,278
1.8,4,X,39,166
4.7,8,Z,25,268
3.0,6,D,26,290
3.0,6,Z,27,241
3.0,6,Z,29,228
5.5,8,Z,21,310
6.4,8,Z,20,326
3.0,6,Z,24,276
3.6,6,X,28,234
4.6,8,Z,22,297
2.4,4,X,29,228
2.0,4,Z,27,241
3.5,6,Z,27,242
2.5,4,X,32,205
3.4,6,Z,30,222
1.6,4,X,30,216
3.5,6,X,23,293
2.0,4,Z,24,267
2.0,4,Z,30,216
3.5,6,Z,26,258
2.4,4,X,32,200
3.0,6,Z,30,214
3.7,6,X,27,244
2.5,4,X,37,181
3.7,6,Z,24,267
4.0,6,X,20,321
1.8,4,X,35,187
2.0,4,Z,31,212
5.3,8,X,21,314
2.0,4,X,34,193
4.7,8,Z,25,262
1.4,4,X,36,183
3.5,6,Z,26,257
6.0,12,Z,18,375
3.6,6,X,23,284
1.5,3,Z,31,214
6.2,8,Z,20,328
3.5,6,Z,27,240
3.0,6,X,24,271
1.4,4,X,32,211
3.0,6,Z,26,251
3.0,6,Z,29,227
3.5,6,X,27,251
1.4,4,X,36,186
2.5,4,X,25,263
3.3,6,X,25,269
5.7,8,Z,18,371
3.0,6,X,24,278
3.5,6,X,26,251
2.4,4,X,31,214
6.0,8,X,15,445
2.5,4,X,27,247
2.0,4,X,29,228
1.6,4,Z,32,200
1.4,4,X,36,184
3.0,6,Z,30,221
3.6,6,Z,21,313
5.3,8,E,17,283
2.0,4,Z,33,200
5.3,8,X,20,336
1.4,4,X,39,166
1.6,4,X,30,218
3.5,6,X,27,245
1.8,4,X,35,190
1.8,4,X,35,184
2.7,4,X,28,235
2.4,4,X,28,235
3.7,6,Z,24,267
3.6,6,X,28,239
3.8,6,X,23,286
3.5,6,X,26,256
3.5,6,E,15,316
5.3,8,X,20,336
6.2,8,Z,20,333
1.5,4,X,39,168
2.4,4,X,29,225
3.0,6,Z,28,235
2.0,4,Z,36,184
4.6,8,X,19,354
3.5,6,Z,28,232
6.4,8,Z,22,302
2.0,4,X,33,200
5.3,8,X,21,310
4.4,8,Z,23,290
6.0,12,Z,18,375
2.5,4,X,39,171
2.9,6,Z,28,235
3.0,6,Z,26,259
3.0,6,Z,27,238
2.0,4,Z,29,226
5.3,8,E,16,298
1.8,4,X,32,200
2.5,4,X,36,187
3.8,6,Z,26,257
1.5,3,Z,31,214
1.6,4,X,34,196
2.0,4,Z,30,221
2.0,4,Z,29,232
2.4,4,X,35,191
2.5,4,X,30,217
6.2,8,Z,21,312
2.4,4,X,28,235
6.7,12,Z,17,400
3.4,6,Z,26,250
3.0,6,Z,29,232
2.4,4,X,29,225
5.0,8,E,16,286
2.5,4,X,26,251
2.0,4,Z,30,218
2.0,4,Z,30,219
3.0,6,Z,28,238
2.0,4,X,40,168
3.6,6,X,26,254
5.0,8,X,20,323
5.0,8,Z,21,306
3.5,6,X,29,230
2.0,4,X,32,204
2.4,4,X,44,150
2.4,4,X,25,255
5.0,8,X,22,308
1.8,4,Z,34,193
2.4,4,X,30,218
5.7,8,X,17,373
2.0,4,Z,24,267
4.0,8,Z,20,337
2.0,4,X,34,197
2.0,4,X,34,198
4.4,8,Z,22,292
4.7,8,Z,25,264
3.5,6,X,30,219
3.5,6,X,30,219
4.7,8,Z,24,275
5.0,8,E,15,306
1.5,4,X,38,174
2.4,4,X,33,198
4.4,8,Z,20,317
5.0,8,E,16,300
2.0,4,X,50,132
5.0,8,Z,22,299
2.5,4,X,34,192
2.0,4,X,25,262
3.0,6,Z,27,248
2.0,4,X,31,216
5.0,8,E,16,293
1.2,3,X,43,155
3.5,6,X,34,189
3.8,6,Z,26,253
2.0,4,X,40,163
3.0,6,Z,23,287
3.7,6,Z,24,278
3.5,6,Z,27,244
2.4,4,X,31,217
5.7,8,X,23,289
3.8,6,Z,25,260
2.0,4,X,32,209
3.6,6,X,24,279
3.6,6,X,26,250
4.0,8,Z,25,265
3.7,6,Z,24,280
3.0,6,Z,27,242
2.7,6,X,24,277
2.0,4,X,32,202
3.5,6,X,26,254
5.3,8,X,20,331
5.7,8,X,17,382
1.8,4,X,36,183
4.0,8,Z,22,307
1.8,4,X,32,203
3.2,6,X,26,253
5.3,8,X,22,305
2.5,4,X,27,243
2.0,4,X,32,204
3.5,6,X,24,271
3.4,6,Z,27,244
3.0,6,Z,22,296
1.6,4,X,39,172
2.0,4,D,35,218
1.2,3,X,44,149
2.0,4,Z,34,193
4.4,8,Z,20,322
2.4,4,X,31,211
4.0,6,X,22,297
2.4,4,X,35,187
2.0,4,Z,30,217
2.7,4,Z,28,234
3.0,6,Z,26,253
2.0,4,Z,29,231
2.0,4,Z,32,210
2.3,4,X,30,219
2.0,4,Z,30,220
2.5,4,X,35,189
3.6,6,X,20,331
1.6,4,X,32,202
5.3,8,X,22,304
3.3,6,X,25,270
4.7,8,Z,23,288
2.0,4,Z,32,207
3.7,6,Z,24,267
2.4,4,X,30,218
2.3,4,X,29,227
3.6,6,Z,22,298
2.0,4,X,32,208
6.6,12,Z,18,373
1.6,4,Z,36,179
4.0,8,Z,22,303
3.6,6,E,19,237
3.6,6,X,24,276
2.0,4,Z,29,225
3.0,6,Z,24,281
6.4,8,Z,18,363
4.6,8,Z,22,303
2.5,4,Z,22,297
3.3,6,X,25,263
3.0,6,Z,27,242
3.8,6,X,23,285
1.6,4,Z,39,168
2.0,4,X,29,226
2.4,4,X,30,218
2.7,4,X,24,280
5.3,8,X,20,339
2.0,4,X,40,161
2.0,4,Z,34,193
3.0,6,Z,25,260
2.0,4,Z,31,211
6.0,12,Z,20,331
5.7,8,X,17,381
3.7,6,X,22,297
4.0,8,Z,22,303
1.8,4,X,38,170
3.0,6,Z,28,238
3.6,6,X,27,242
3.0,6,Z,25,262
2.0,4,X,34,192
2.0,4,X,35,184
1.6,4,X,43,151
2.0,4,X,34,193
4.0,6,X,21,310
6.4,8,Z,20,317
3.6,6,X,25,263
3.0,6,Z,26,250
3.5,6,X,26,252
2.5,5,X,29,223
3.0,6,Z,25,255
3.0,6,Z,24,272
2.7,6,X,24,278
2.0,4,X,32,205
3.2,6,X,25,260
6.4,8,Z,22,302
3.5,6,Z,26,251
3.0,6,Z,25,255
4.7,8,Z,18,354
3.8,6,Z,20,329
2.0,4,Z,28,234
3.6,6,X,27,242
5.0,8,X,20,324
1.6,4,Z,35,184
2.5,4,X,38,176
2.0,4,X,36,188
2.0,4,Z,29,227
2.5,4,Z,23,288
2.5,4,X,58,113
2.0,4,X,35,188
6.0,8,E,11,411
4.0,8,Z,21,309
5.2,10,Z,20,330
1.5,4,Z,39,170
1.4,4,X,35,190
5.0,8,Z,21,306
2.0,4,Z,31,213
4.0,8,Z,25,261
4.0,8,Z,21,315
2.4,4,X,25,255
5.3,8,X,20,325
2.0,4,Z,31,207
4.4,8,Z,19,341
6.2,8,Z,20,336
2.5,4,Z,25,258
5.7,8,X,18,371
3.8,6,Z,23,284
3.5,6,X,28,240
2.7,6,X,25,265
3.5,6,Z,35,190
3.0,6,Z,27,239
5.6,8,X,21,312
2.0,4,Z,32,207
6.4,8,Z,18,368
4.8,8,X,16,414
2.7,6,X,24,281
6.6,12,Z,17,400
3.6,6,X,25,260
2.0,4,X,31,213
1.6,4,X,33,205
6.4,8,Z,20,325
2.0,4,Z,28,232
2.0,4,Z,34,179
2.3,4,X,27,242
2.0,4,X,36,179
2.0,4,X,40,163
2.5,4,X,32,208
2.0,4,X,25,261
5.3,8,E,17,284
6.0,12,Z,18,370
6.4,8,Z,18,368
2.0,4,X,28,233
2.0,4,Z,36,183
5.0,8,Z,21,311
3.2,6,X,25,260
2.0,4,Z,32,202
4.0,8,Z,21,318
1.4,4,X,34,194
2.0,4,Z,29,224
1.4,4,X,35,184
1.6,4,X,32,207
3.0,6,Z,29,228
2.0,4,X,47,138
3.0,6,Z,26,256
5.0,8,Z,21,304
1.4,4,X,36,182
3.5,6,X,24,282
2.0,4,X,26,254
2.4,4,E,23,195
2.0,4,Z,29,224
2.0,4,Z,34,193
1.6,4,Z,34,195
2.0,4,Z,27,240
6.0,12,Z,17,388
4.0,8,Z,25,263
2.5,4,X,37,182
3.0,6,D,29,267
3.6,6,E,16,296
3.6,6,E,18,254
2.0,4,Z,27,248
4.0,8,Z,25,265
3.4,6,Z,28,240
3.6,6,X,24,274
3.5,6,X,23,293
6.7,12,Z,17,382
2.0,4,X,33,199
1.6,4,X,59,114
3.6,6,X,22,290
3.6,6,X,24,274
3.5,6,X,20,333
3.6,6,X,22,294
2.0,4,X,30,214
2.0,4,Z,30,218
2.0,4,Z,29,232
1.5,4,X,36,185
5.3,8,E,15,294
1.4,4,X,36,185
6.0,12,Z,18,360
6.0,12,Z,19,349
3.0,6,Z,22,294
1.6,4,Z,34,193
2.0,4,D,33,229
4.4,8,Z,24,273
3.8,8,Z,19,334
2.7,6,X,24,277
2.0,4,X,34,196
3.6,6,X,26,257
1.5,4,X,32,204
3.3,6,E,19,247
1.6,4,Z,34,191
5.5,8,Z,21,313
1.8,4,X,40,161
2.1,4,D,38,200
1.6,4,X,32,205
3.5,6,Z,25,258
1.8,4,X,39,171
3.6,6,X,25,264
6.2,8,Z,18,381
3.4,6,Z,26,246
1.4,4,X,34,189
3.0,6,Z,27,245
5.2,10,Z,18,370
5.7,8,X,20,329
1.8,4,X,50,129
3.7,6,X,25,260
3.6,6,X,25,271
3.0,6,Z,29,224
2.5,4,X,48,137
2.0,4,Z,28,235
1.4,4,X,39,168
1.6,4,X,29,225
2.0,4,X,35,188
6.2,8,Z,20,327
3.6,6,X,26,258
2.0,4,Z,23,283
1.4,4,X,36,179
3.0,6,Z,23,286
3.0,6,Z,24,278
5.2,12,Z,21,322
3.5,6,Z,23,278
2.0,4,Z,30,222
2.0,4,Z,29,229
1.5,4,X,42,157
1.4,4,X,37,177
1.6,4,D,44,172
3.0,6,Z,24,277
5.7,8,X,17,382
3.0,6,Z,24,273
3.3,6,X,24,271
3.5,6,X,22,303
5.0,8,Z,22,302
2.0,4,X,33,196
4.0,8,Z,24,276
1.8,4,X,35,187
3.3,6,E,19,247
3.6,6,X,28,234
2.0,4,Z,32,206
5.3,8,E,15,323
2.0,4,X,30,214
1.4,4,X,34,196
3.0,6,Z,26,250
2.7,6,X,24,272
3.0,6,Z,28,237
1.8,4,X,34,189
2.0,4,X,34,189
2.5,4,X,34,192
4.7,8,Z,24,275
1.5,4,X,32,204
3.5,6,Z,26,246
3.6,6,X,30,224
3.6,6,X,26,258
6.2,8,Z,22,294
3.6,6,X,27,242
3.0,6,Z,24,273
6.2,8,Z,19,349
5.5,8,Z,21,306
3.8,6,Z,22,300
2.4,4,X,30,221
2.0,4,Z,29,226
3.0,6,Z,26,250
3.6,6,E,17,274
2.8,4,D,27,280
4.4,8,Z,21,320
3.8,6,Z,25,258
3.5,6,Z,26,253
3.5,6,Z,17,403
2.5,4,X,29,228
5.3,8,X,22,309
3.0,6,Z,25,260
3.3,6,X,23,291
4.4,8,Z,25,269
3.6,6,X,25,263
2.5,4,X,38,170
6.2,8,Z,19,334
1.5,4,X,31,210
3.5,6,X,21,322
5.3,8,X,22,304
1.0,3,X,34,197
2.5,4,X,36,183
6.2,8,Z,21,308
2.5,5,Z,27,247
3.0,6,Z,25,270
3.0,6,Z,27,247
2.0,4,X,31,213
2.0,4,Z,30,222
4.8,8,Z,22,297
6.0,8,X,15,432
2.4,4,X,30,218
2.0,4,Z,28,240
6.7,12,Z,17,382
2.5,4,X,41,164
1.4,4,X,34,197
2.7,6,X,26,259
2.0,4,Z,34,196
1.6,4,X,30,221
6.2,8,Z,20,334
2.0,4,X,32,202
5.0,8,Z,20,327
2.7,4,X,25,262
2.0,4,X,33,198
2.3,4,X,31,217
3.5,6,X,26,250
3.0,6,Z,25,271
3.5,6,Z,26,251
1.6,4,X,37,177
3.0,6,Z,29,232
2.0,4,Z,29,227
3.0,6,D,28,277
5.7,8,X,23,289
2.7,4,X,24,279
2.4,4,X,30,214
5.3,8,X,20,325
4.0,8,Z,24,279
3.0,6,Z,28,235
5.0,8,E,14,331
3.6,6,X,24,275
1.6,4,X,40,164
4.0,8,Z,23,285
5.0,8,Z,22,301
5.0,8,Z,21,313
5.6,8,X,18,359
3.5,6,X,22,294
1.6,4,X,36,184
3.0,6,Z,26,253
4.0,8,Z,22,302
3.6,6,E,17,259
4.4,8,Z,19,344
1.6,4,X,42,160
3.4,6,Z,26,246
4.4,8,Z,20,324
2.0,4,X,40,164
1.6,4,X,37,177
2.0,4,Z,30,214
1.6,4,X,34,193
5.3,8,X,22,304
2.0,4,Z,26,249
6.2,8,Z,19,339
3.5,6,Z,25,262
1.8,4,X,40,163
3.0,6,Z,27,246
2.0,4,X,31,214
2.0,4,X,33,202
2.0,4,Z,31,215
1.6,4,Z,31,207
5.3,8,X,20,326
2.3,4,X,26,254
5.3,8,E,16,295
5.3,8,X,22,307
3.0,6,Z,27,246
3.8,6,Z,27,245
5.0,8,Z,18,365
1.5,4,X,43,151
3.7,6,Z,24,275
1.8,4,X,34,189
3.5,6,Z,29,233
3.4,6,Z,26,251
4.0,8,Z,22,306
3.0,6,Z,25,263
2.0,4,Z,32,209
5.3,8,E,15,317
1.5,4,X,41,162
3.0,6,Z,25,267
1.8,4,X,37,178
1.4,4,X,34,196
1.6,4,X,36,184
6.2,8,X,16,414
5.3,8,X,20,325
2.5,4,X,26,251
1.6,4,X,37,180
3.5,6,Z,29,233
2.0,4,X,32,205
5.3,8,E,15,317
3.4,6,Z,29,225
1.8,4,X,39,172
3.5,6,Z,29,228
2.0,4,X,29,224
3.0,6,Z,22,292
3.2,6,X,27,241
6.7,12,Z,16,396
3.0,6,Z,26,257
2.0,4,Z,31,210
2.4,4,X,31,209
5.0,8,X,19,336
4.0,6,Z,19,352
1.5,4,X,42,158
2.5,4,Z,26,249
3.5,6,X,21,321
3.5,6,X,25,264
3.5,6,Z,28,230
3.8,6,Z,25,258
1.4,4,X,36,182
2.7,4,X,25,262
3.5,6,X,27,242
3.5,6,X,25,260
2.0,4,Z,29,228
1.5,4,Z,39,170
6.2,8,Z,18,361
3.0,6,Z,28,238
2.0,4,X,50,135
3.6,6,X,27,247
2.5,4,X,32,205
3.4,6,Z,28,232
1.5,4,X,55,120
3.6,6,X,25,260
6.2,8,Z,19,340
3.0,6,D,29,265
2.0,4,Z,30,222
2.5,4,E,20,234
2.3,4,X,31,212
3.0,6,Z,26,256
3.5,6,X,31,214
2.0,4,E,27,175
2.4,4,X,29,226
2.0,4,Z,31,209
4.0,6,X,21,322
3.3,6,X,25,269
1.6,4,X,37,177
3.8,6,Z,22,290
3.6,6,Z,26,255
2.5,4,Z,26,257
3.0,6,Z,25,258
2.0,4,X,37,179
5.5,8,Z,22,292
1.4,4,X,34,194
1.6,4,X,37,175
2.0,4,Z,29,226
2.0,4,Z,32,204
2.0,4,Z,31,210
5.3,8,X,22,292
1.6,4,X,60,110
2.0,4,X,36,183
1.4,4,X,32,203
3.6,6,X,24,274
6.2,8,Z,20,324
6.7,12,Z,16,396
3.6,6,X,25,268
3.6,6,X,21,308
2.5,4,X,31,215
1.8,4,X,49,135
3.0,6,Z,26,258
2.0,4,Z,31,212
4.0,8,Z,21,318
5.0,8,E,13,342
2.0,4,X,30,216
5.3,8,X,22,305
2.5,4,X,34,196
6.0,8,X,15,432
3.5,6,Z,26,257
2.0,4,Z,29,225
1.6,4,Z,38,172
3.6,6,X,27,242
2.0,4,Z,32,203
5.0,8,Z,20,332
2.5,4,X,38,176
3.6,6,X,24,269
2.5,4,X,33,198
2.5,4,X,50,131
2.0,4,X,49,136
3.0,6,D,28,273
2.4,4,X,30,217
5.9,12,Z,18,359
6.2,8,E,14,322
5.7,8,Z,18,371
5.3,8,E,16,299
6.6,12,Z,17,397
2.0,4,Z,32,210
2.0,4,D,40,189
2.5,4,X,26,251
3.0,6,Z,29,228
2.0,4,Z,29,232
3.5,6,Z,31,211
2.5,4,Z,26,257
6.0,8,X,15,441
1.6,4,X,69,96
3.6,6,X,27,246
6.2,8,Z,20,332
4.7,8,Z,20,327
5.7,8,X,19,338
3.0,6,Z,25,255
3.5,6,X,21,322
5.7,8,X,18,362
3.0,6,Z,25,270
1.5,3,Z,38,175
1.4,4,X,34,194
4.0,8,Z,22,298
3.6,6,X,22,294
2.4,4,X,28,230
3.7,6,Z,24,279
1.3,4,X,31,213
1.8,4,X,39,167
5.3,8,X,21,310
2.0,4,Z,34,197
5.6,8,X,18,362
3.5,6,X,34,193
2.5,4,X,33,198
3.0,6,D,31,243
